"id_cliente","p_accept","p_mora","score","decision","id_sim"
1,0.5533,0.5576,0.2448,0,"SIM_20250901_164803"
2,0.4433,0.5996,0.1775,0,"SIM_20250901_164803"
3,0.3578,0.6649,0.1199,0,"SIM_20250901_164803"
4,0.3877,0.6913,0.1197,0,"SIM_20250901_164803"
5,0.7784,0.2631,0.5736,1,"SIM_20250901_164803"
6,0.8326,0.2498,0.6246,1,"SIM_20250901_164803"
7,0.5837,0.6084,0.2286,0,"SIM_20250901_164803"
8,0.4447,0.6227,0.1678,0,"SIM_20250901_164803"
9,0.4444,0.5833,0.1852,0,"SIM_20250901_164803"
10,0.514,0.4683,0.2733,0,"SIM_20250901_164803"
11,0.483,0.5186,0.2325,0,"SIM_20250901_164803"
12,0.1885,0.7708,0.0432,0,"SIM_20250901_164803"
13,0.5598,0.4713,0.296,0,"SIM_20250901_164803"
14,0.6103,0.4072,0.3618,0,"SIM_20250901_164803"
15,0.7099,0.3003,0.4967,0,"SIM_20250901_164803"
16,0.665,0.3151,0.4554,0,"SIM_20250901_164803"
17,0.4442,0.6425,0.1588,0,"SIM_20250901_164803"
18,0.7285,0.288,0.5187,1,"SIM_20250901_164803"
19,0.4106,0.6532,0.1424,0,"SIM_20250901_164803"
20,0.6253,0.4372,0.3519,0,"SIM_20250901_164803"
21,0.5363,0.6555,0.1847,0,"SIM_20250901_164803"
22,0.5142,0.5032,0.2554,0,"SIM_20250901_164803"
23,0.2317,0.7421,0.0598,0,"SIM_20250901_164803"
24,0.2894,0.707,0.0848,0,"SIM_20250901_164803"
25,0.4674,0.6523,0.1625,0,"SIM_20250901_164803"
26,0.649,0.3057,0.4506,0,"SIM_20250901_164803"
27,0.3612,0.7506,0.0901,0,"SIM_20250901_164803"
28,0.6514,0.4502,0.3581,0,"SIM_20250901_164803"
29,0.5216,0.5493,0.2351,0,"SIM_20250901_164803"
30,0.6455,0.3263,0.4349,0,"SIM_20250901_164803"
31,0.6768,0.3293,0.4539,0,"SIM_20250901_164803"
32,0.2604,0.7544,0.064,0,"SIM_20250901_164803"
33,0.7031,0.3874,0.4307,0,"SIM_20250901_164803"
34,0.6191,0.3663,0.3923,0,"SIM_20250901_164803"
35,0.7766,0.3359,0.5158,1,"SIM_20250901_164803"
36,0.6678,0.3198,0.4543,0,"SIM_20250901_164803"
37,0.2564,0.7512,0.0638,0,"SIM_20250901_164803"
38,0.517,0.634,0.1893,0,"SIM_20250901_164803"
39,0.4072,0.7187,0.1146,0,"SIM_20250901_164803"
40,0.4054,0.6153,0.1559,0,"SIM_20250901_164803"
41,0.5265,0.446,0.2917,0,"SIM_20250901_164803"
42,0.839,0.3087,0.58,1,"SIM_20250901_164803"
43,0.3538,0.67,0.1168,0,"SIM_20250901_164803"
44,0.8073,0.2667,0.592,1,"SIM_20250901_164803"
45,0.6103,0.4777,0.3188,0,"SIM_20250901_164803"
46,0.6881,0.5287,0.3243,0,"SIM_20250901_164803"
47,0.4485,0.5103,0.2196,0,"SIM_20250901_164803"
48,0.51,0.6801,0.1631,0,"SIM_20250901_164803"
49,0.2891,0.7383,0.0756,0,"SIM_20250901_164803"
50,0.5768,0.5847,0.2395,0,"SIM_20250901_164803"
51,0.2929,0.7406,0.076,0,"SIM_20250901_164803"
52,0.3205,0.7484,0.0806,0,"SIM_20250901_164803"
53,0.3917,0.6178,0.1497,0,"SIM_20250901_164803"
54,0.7987,0.2758,0.5784,1,"SIM_20250901_164803"
55,0.7438,0.3066,0.5157,1,"SIM_20250901_164803"
56,0.6746,0.3308,0.4515,0,"SIM_20250901_164803"
57,0.4952,0.4625,0.2662,0,"SIM_20250901_164803"
58,0.322,0.769,0.0744,0,"SIM_20250901_164803"
59,0.581,0.494,0.294,0,"SIM_20250901_164803"
60,0.686,0.4067,0.407,0,"SIM_20250901_164803"
61,0.4422,0.6464,0.1564,0,"SIM_20250901_164803"
62,0.8735,0.2162,0.6847,1,"SIM_20250901_164803"
63,0.7824,0.2702,0.571,1,"SIM_20250901_164803"
64,0.5322,0.6351,0.1942,0,"SIM_20250901_164803"
65,0.5698,0.6117,0.2213,0,"SIM_20250901_164803"
66,0.3634,0.6255,0.1361,0,"SIM_20250901_164803"
67,0.7814,0.2731,0.568,1,"SIM_20250901_164803"
68,0.6825,0.3386,0.4514,0,"SIM_20250901_164803"
69,0.483,0.5368,0.2237,0,"SIM_20250901_164803"
70,0.4405,0.543,0.2013,0,"SIM_20250901_164803"
71,0.6567,0.4336,0.3719,0,"SIM_20250901_164803"
72,0.6617,0.4759,0.3468,0,"SIM_20250901_164803"
73,0.7508,0.3302,0.5029,1,"SIM_20250901_164803"
74,0.4849,0.5864,0.2006,0,"SIM_20250901_164803"
75,0.2502,0.753,0.0618,0,"SIM_20250901_164803"
76,0.6717,0.3577,0.4314,0,"SIM_20250901_164803"
77,0.5833,0.4338,0.3302,0,"SIM_20250901_164803"
78,0.4976,0.5228,0.2375,0,"SIM_20250901_164803"
79,0.6075,0.456,0.3305,0,"SIM_20250901_164803"
80,0.6783,0.3271,0.4564,0,"SIM_20250901_164803"
81,0.6589,0.5152,0.3194,0,"SIM_20250901_164803"
82,0.6184,0.488,0.3166,0,"SIM_20250901_164803"
83,0.4762,0.6193,0.1813,0,"SIM_20250901_164803"
84,0.792,0.302,0.5528,1,"SIM_20250901_164803"
85,0.645,0.4477,0.3562,0,"SIM_20250901_164803"
86,0.7558,0.4139,0.443,0,"SIM_20250901_164803"
87,0.7195,0.3176,0.491,0,"SIM_20250901_164803"
88,0.7863,0.2865,0.561,1,"SIM_20250901_164803"
89,0.5471,0.5291,0.2576,0,"SIM_20250901_164803"
90,0.7411,0.3894,0.4525,0,"SIM_20250901_164803"
91,0.4098,0.6199,0.1557,0,"SIM_20250901_164803"
92,0.5686,0.6102,0.2217,0,"SIM_20250901_164803"
93,0.6397,0.3838,0.3942,0,"SIM_20250901_164803"
94,0.2146,0.7686,0.0497,0,"SIM_20250901_164803"
95,0.3092,0.7015,0.0923,0,"SIM_20250901_164803"
96,0.5711,0.4291,0.326,0,"SIM_20250901_164803"
97,0.8408,0.3429,0.5525,1,"SIM_20250901_164803"
98,0.8371,0.2604,0.6191,1,"SIM_20250901_164803"
99,0.2544,0.7084,0.0742,0,"SIM_20250901_164803"
100,0.6661,0.2864,0.4753,0,"SIM_20250901_164803"
101,0.2595,0.7686,0.0601,0,"SIM_20250901_164803"
102,0.5602,0.4077,0.3318,0,"SIM_20250901_164803"
103,0.5832,0.5617,0.2556,0,"SIM_20250901_164803"
104,0.7583,0.3267,0.5106,1,"SIM_20250901_164803"
105,0.6749,0.3732,0.423,0,"SIM_20250901_164803"
106,0.6651,0.3224,0.4507,0,"SIM_20250901_164803"
107,0.7556,0.2889,0.5373,1,"SIM_20250901_164803"
108,0.5482,0.4094,0.3238,0,"SIM_20250901_164803"
109,0.352,0.6895,0.1093,0,"SIM_20250901_164803"
110,0.2847,0.7287,0.0772,0,"SIM_20250901_164803"
111,0.3645,0.6376,0.1321,0,"SIM_20250901_164803"
112,0.7547,0.3424,0.4963,0,"SIM_20250901_164803"
113,0.5655,0.4968,0.2846,0,"SIM_20250901_164803"
114,0.3112,0.7498,0.0779,0,"SIM_20250901_164803"
115,0.3873,0.6431,0.1382,0,"SIM_20250901_164803"
116,0.6861,0.4698,0.3638,0,"SIM_20250901_164803"
117,0.2946,0.6921,0.0907,0,"SIM_20250901_164803"
118,0.9286,0.1958,0.7468,1,"SIM_20250901_164803"
119,0.7211,0.3673,0.4562,0,"SIM_20250901_164803"
120,0.4339,0.5472,0.1965,0,"SIM_20250901_164803"
121,0.4274,0.6346,0.1562,0,"SIM_20250901_164803"
122,0.7051,0.3692,0.4448,0,"SIM_20250901_164803"
123,0.4012,0.6377,0.1453,0,"SIM_20250901_164803"
124,0.6036,0.3984,0.3632,0,"SIM_20250901_164803"
125,0.7807,0.2632,0.5752,1,"SIM_20250901_164803"
126,0.8014,0.2874,0.5711,1,"SIM_20250901_164803"
127,0.6521,0.4525,0.357,0,"SIM_20250901_164803"
128,0.2248,0.77,0.0517,0,"SIM_20250901_164803"
129,0.3138,0.7494,0.0786,0,"SIM_20250901_164803"
130,0.2016,0.7627,0.0478,0,"SIM_20250901_164803"
131,0.6816,0.297,0.4791,0,"SIM_20250901_164803"
132,0.3675,0.7014,0.1097,0,"SIM_20250901_164803"
133,0.3658,0.6921,0.1126,0,"SIM_20250901_164803"
134,0.5578,0.478,0.2912,0,"SIM_20250901_164803"
135,0.2442,0.7415,0.0631,0,"SIM_20250901_164803"
136,0.3056,0.7201,0.0856,0,"SIM_20250901_164803"
137,0.333,0.7501,0.0832,0,"SIM_20250901_164803"
138,0.7707,0.2823,0.5532,1,"SIM_20250901_164803"
139,0.6191,0.3865,0.3798,0,"SIM_20250901_164803"
140,0.2645,0.7029,0.0786,0,"SIM_20250901_164803"
141,0.5906,0.4331,0.3348,0,"SIM_20250901_164803"
142,0.315,0.6788,0.1012,0,"SIM_20250901_164803"
143,0.6303,0.3176,0.4301,0,"SIM_20250901_164803"
144,0.8563,0.2254,0.6633,1,"SIM_20250901_164803"
145,0.433,0.6477,0.1526,0,"SIM_20250901_164803"
146,0.5219,0.3971,0.3147,0,"SIM_20250901_164803"
147,0.3234,0.7165,0.0917,0,"SIM_20250901_164803"
148,0.5223,0.5923,0.213,0,"SIM_20250901_164803"
149,0.4984,0.5135,0.2425,0,"SIM_20250901_164803"
150,0.2676,0.7604,0.0641,0,"SIM_20250901_164803"
151,0.4214,0.6164,0.1616,0,"SIM_20250901_164803"
152,0.3598,0.6543,0.1244,0,"SIM_20250901_164803"
153,0.6873,0.4105,0.4052,0,"SIM_20250901_164803"
154,0.5639,0.4173,0.3286,0,"SIM_20250901_164803"
155,0.587,0.4157,0.343,0,"SIM_20250901_164803"
156,0.4462,0.6223,0.1685,0,"SIM_20250901_164803"
157,0.8379,0.2601,0.6199,1,"SIM_20250901_164803"
158,0.6726,0.3181,0.4586,0,"SIM_20250901_164803"
159,0.6182,0.3265,0.4164,0,"SIM_20250901_164803"
160,0.6228,0.42,0.3612,0,"SIM_20250901_164803"
161,0.7685,0.2797,0.5535,1,"SIM_20250901_164803"
162,0.5616,0.4971,0.2824,0,"SIM_20250901_164803"
163,0.4143,0.6718,0.136,0,"SIM_20250901_164803"
164,0.2253,0.7684,0.0522,0,"SIM_20250901_164803"
165,0.487,0.6034,0.1931,0,"SIM_20250901_164803"
166,0.2748,0.7391,0.0717,0,"SIM_20250901_164803"
167,0.2668,0.7313,0.0717,0,"SIM_20250901_164803"
168,0.5005,0.5633,0.2186,0,"SIM_20250901_164803"
169,0.7387,0.3348,0.4914,0,"SIM_20250901_164803"
170,0.6293,0.4098,0.3715,0,"SIM_20250901_164803"
171,0.3629,0.7042,0.1074,0,"SIM_20250901_164803"
172,0.2766,0.7404,0.0718,0,"SIM_20250901_164803"
173,0.7384,0.3812,0.4569,0,"SIM_20250901_164803"
174,0.3159,0.7454,0.0804,0,"SIM_20250901_164803"
175,0.339,0.6684,0.1124,0,"SIM_20250901_164803"
176,0.5407,0.5862,0.2237,0,"SIM_20250901_164803"
177,0.6689,0.4451,0.3712,0,"SIM_20250901_164803"
178,0.4253,0.5598,0.1872,0,"SIM_20250901_164803"
179,0.6372,0.6128,0.2467,0,"SIM_20250901_164803"
180,0.3338,0.7438,0.0855,0,"SIM_20250901_164803"
181,0.4446,0.473,0.2343,0,"SIM_20250901_164803"
182,0.542,0.6298,0.2006,0,"SIM_20250901_164803"
183,0.605,0.4832,0.3127,0,"SIM_20250901_164803"
184,0.5892,0.5153,0.2856,0,"SIM_20250901_164803"
185,0.3247,0.7306,0.0875,0,"SIM_20250901_164803"
186,0.6991,0.3007,0.4888,0,"SIM_20250901_164803"
187,0.3268,0.657,0.1121,0,"SIM_20250901_164803"
188,0.7943,0.2404,0.6033,1,"SIM_20250901_164803"
189,0.5655,0.3759,0.353,0,"SIM_20250901_164803"
190,0.4621,0.4987,0.2316,0,"SIM_20250901_164803"
191,0.8155,0.2643,0.5999,1,"SIM_20250901_164803"
192,0.3941,0.6567,0.1353,0,"SIM_20250901_164803"
193,0.3957,0.6171,0.1515,0,"SIM_20250901_164803"
194,0.4426,0.5996,0.1772,0,"SIM_20250901_164803"
195,0.4006,0.6207,0.1519,0,"SIM_20250901_164803"
196,0.3952,0.5995,0.1583,0,"SIM_20250901_164803"
197,0.5151,0.4807,0.2675,0,"SIM_20250901_164803"
198,0.2437,0.7575,0.0591,0,"SIM_20250901_164803"
199,0.5222,0.453,0.2856,0,"SIM_20250901_164803"
200,0.2345,0.7593,0.0564,0,"SIM_20250901_164803"
201,0.829,0.4268,0.4752,0,"SIM_20250901_164803"
202,0.676,0.469,0.359,0,"SIM_20250901_164803"
203,0.6214,0.3648,0.3947,0,"SIM_20250901_164803"
204,0.6761,0.3263,0.4555,0,"SIM_20250901_164803"
205,0.4874,0.6633,0.1641,0,"SIM_20250901_164803"
206,0.5265,0.4969,0.2648,0,"SIM_20250901_164803"
207,0.5178,0.6569,0.1776,0,"SIM_20250901_164803"
208,0.8091,0.2688,0.5916,1,"SIM_20250901_164803"
209,0.7153,0.3324,0.4776,0,"SIM_20250901_164803"
210,0.2768,0.7092,0.0805,0,"SIM_20250901_164803"
211,0.7303,0.3915,0.4444,0,"SIM_20250901_164803"
212,0.2295,0.7658,0.0537,0,"SIM_20250901_164803"
213,0.513,0.5756,0.2178,0,"SIM_20250901_164803"
214,0.5769,0.4585,0.3124,0,"SIM_20250901_164803"
215,0.7089,0.3905,0.4321,0,"SIM_20250901_164803"
216,0.6123,0.3996,0.3676,0,"SIM_20250901_164803"
217,0.3979,0.5881,0.1639,0,"SIM_20250901_164803"
218,0.3222,0.6488,0.1132,0,"SIM_20250901_164803"
219,0.6358,0.4051,0.3782,0,"SIM_20250901_164803"
220,0.3649,0.6214,0.1382,0,"SIM_20250901_164803"
221,0.2711,0.737,0.0713,0,"SIM_20250901_164803"
222,0.2677,0.7518,0.0664,0,"SIM_20250901_164803"
223,0.4145,0.6598,0.141,0,"SIM_20250901_164803"
224,0.869,0.2545,0.6478,1,"SIM_20250901_164803"
225,0.6317,0.4309,0.3594,0,"SIM_20250901_164803"
226,0.7099,0.3106,0.4894,0,"SIM_20250901_164803"
227,0.5036,0.606,0.1984,0,"SIM_20250901_164803"
228,0.3373,0.7332,0.09,0,"SIM_20250901_164803"
229,0.6613,0.5102,0.3239,0,"SIM_20250901_164803"
230,0.3117,0.6892,0.0969,0,"SIM_20250901_164803"
231,0.3975,0.6909,0.1229,0,"SIM_20250901_164803"
232,0.8696,0.3089,0.601,1,"SIM_20250901_164803"
233,0.2456,0.736,0.0649,0,"SIM_20250901_164803"
234,0.4143,0.6111,0.1611,0,"SIM_20250901_164803"
235,0.7295,0.2933,0.5155,1,"SIM_20250901_164803"
236,0.7523,0.404,0.4484,0,"SIM_20250901_164803"
237,0.6384,0.3266,0.4299,0,"SIM_20250901_164803"
238,0.6638,0.4656,0.3548,0,"SIM_20250901_164803"
239,0.6522,0.4975,0.3277,0,"SIM_20250901_164803"
240,0.3318,0.6487,0.1166,0,"SIM_20250901_164803"
241,0.7514,0.3444,0.4926,0,"SIM_20250901_164803"
242,0.3609,0.7049,0.1065,0,"SIM_20250901_164803"
243,0.3706,0.6165,0.1421,0,"SIM_20250901_164803"
244,0.2242,0.7554,0.0548,0,"SIM_20250901_164803"
245,0.6287,0.3314,0.4203,0,"SIM_20250901_164803"
246,0.3547,0.6951,0.1081,0,"SIM_20250901_164803"
247,0.8522,0.2695,0.6226,1,"SIM_20250901_164803"
248,0.5283,0.5684,0.228,0,"SIM_20250901_164803"
249,0.332,0.7028,0.0987,0,"SIM_20250901_164803"
250,0.4,0.6557,0.1377,0,"SIM_20250901_164803"
251,0.5819,0.5396,0.2679,0,"SIM_20250901_164803"
252,0.5599,0.3593,0.3587,0,"SIM_20250901_164803"
253,0.5703,0.504,0.2829,0,"SIM_20250901_164803"
254,0.2927,0.7276,0.0797,0,"SIM_20250901_164803"
255,0.4519,0.595,0.183,0,"SIM_20250901_164803"
256,0.3002,0.6596,0.1022,0,"SIM_20250901_164803"
257,0.5296,0.5013,0.2641,0,"SIM_20250901_164803"
258,0.5142,0.6094,0.2008,0,"SIM_20250901_164803"
259,0.6897,0.3162,0.4716,0,"SIM_20250901_164803"
260,0.7359,0.4234,0.4243,0,"SIM_20250901_164803"
261,0.4508,0.5933,0.1833,0,"SIM_20250901_164803"
262,0.8961,0.1783,0.7363,1,"SIM_20250901_164803"
263,0.5371,0.4983,0.2695,0,"SIM_20250901_164803"
264,0.3973,0.7187,0.1118,0,"SIM_20250901_164803"
265,0.7055,0.4287,0.4031,0,"SIM_20250901_164803"
266,0.5747,0.4617,0.3094,0,"SIM_20250901_164803"
267,0.3433,0.7352,0.0909,0,"SIM_20250901_164803"
268,0.4791,0.6874,0.1497,0,"SIM_20250901_164803"
269,0.5167,0.4745,0.2716,0,"SIM_20250901_164803"
270,0.5491,0.5324,0.2567,0,"SIM_20250901_164803"
271,0.5835,0.322,0.3956,0,"SIM_20250901_164803"
272,0.3968,0.5612,0.1741,0,"SIM_20250901_164803"
273,0.2238,0.7607,0.0536,0,"SIM_20250901_164803"
274,0.4195,0.6338,0.1536,0,"SIM_20250901_164803"
275,0.6115,0.445,0.3393,0,"SIM_20250901_164803"
276,0.6474,0.347,0.4227,0,"SIM_20250901_164803"
277,0.6299,0.4048,0.3749,0,"SIM_20250901_164803"
278,0.5027,0.3825,0.3105,0,"SIM_20250901_164803"
279,0.4973,0.4899,0.2537,0,"SIM_20250901_164803"
280,0.5705,0.4628,0.3064,0,"SIM_20250901_164803"
281,0.8869,0.206,0.7042,1,"SIM_20250901_164803"
282,0.4353,0.6784,0.14,0,"SIM_20250901_164803"
283,0.3631,0.6801,0.1162,0,"SIM_20250901_164803"
284,0.5652,0.6113,0.2197,0,"SIM_20250901_164803"
285,0.3695,0.7163,0.1048,0,"SIM_20250901_164803"
286,0.6513,0.3737,0.4079,0,"SIM_20250901_164803"
287,0.236,0.7519,0.0585,0,"SIM_20250901_164803"
288,0.4827,0.5216,0.2309,0,"SIM_20250901_164803"
289,0.3841,0.5791,0.1617,0,"SIM_20250901_164803"
290,0.3955,0.5219,0.1891,0,"SIM_20250901_164803"
291,0.6548,0.449,0.3608,0,"SIM_20250901_164803"
292,0.3001,0.7237,0.0829,0,"SIM_20250901_164803"
293,0.2693,0.7599,0.0646,0,"SIM_20250901_164803"
294,0.5534,0.4683,0.2943,0,"SIM_20250901_164803"
295,0.7377,0.3276,0.496,0,"SIM_20250901_164803"
296,0.5256,0.633,0.1929,0,"SIM_20250901_164803"
297,0.4309,0.6697,0.1423,0,"SIM_20250901_164803"
298,0.2935,0.6959,0.0892,0,"SIM_20250901_164803"
299,0.6225,0.4622,0.3348,0,"SIM_20250901_164803"
300,0.8503,0.3214,0.577,1,"SIM_20250901_164803"
301,0.9337,0.1967,0.75,1,"SIM_20250901_164803"
302,0.8016,0.2504,0.6009,1,"SIM_20250901_164803"
303,0.8826,0.2454,0.6661,1,"SIM_20250901_164803"
304,0.8038,0.2401,0.6108,1,"SIM_20250901_164803"
305,0.3628,0.6423,0.1298,0,"SIM_20250901_164803"
306,0.6019,0.4286,0.3439,0,"SIM_20250901_164803"
307,0.2831,0.7467,0.0717,0,"SIM_20250901_164803"
308,0.7805,0.2555,0.581,1,"SIM_20250901_164803"
309,0.5676,0.6396,0.2046,0,"SIM_20250901_164803"
310,0.516,0.6111,0.2007,0,"SIM_20250901_164803"
311,0.4137,0.6717,0.1358,0,"SIM_20250901_164803"
312,0.5112,0.4858,0.2629,0,"SIM_20250901_164803"
313,0.3173,0.7127,0.0911,0,"SIM_20250901_164803"
314,0.8656,0.3512,0.5616,1,"SIM_20250901_164803"
315,0.6142,0.4134,0.3603,0,"SIM_20250901_164803"
316,0.3071,0.6883,0.0957,0,"SIM_20250901_164803"
317,0.5517,0.4519,0.3024,0,"SIM_20250901_164803"
318,0.5011,0.4802,0.2605,0,"SIM_20250901_164803"
319,0.7028,0.2935,0.4965,0,"SIM_20250901_164803"
320,0.7932,0.372,0.4981,0,"SIM_20250901_164803"
321,0.4058,0.6737,0.1324,0,"SIM_20250901_164803"
322,0.28,0.7409,0.0725,0,"SIM_20250901_164803"
323,0.3885,0.6332,0.1425,0,"SIM_20250901_164803"
324,0.5956,0.399,0.358,0,"SIM_20250901_164803"
325,0.6992,0.3055,0.4856,0,"SIM_20250901_164803"
326,0.7842,0.2984,0.5502,1,"SIM_20250901_164803"
327,0.599,0.3484,0.3903,0,"SIM_20250901_164803"
328,0.7789,0.2725,0.5666,1,"SIM_20250901_164803"
329,0.6566,0.5123,0.3202,0,"SIM_20250901_164803"
330,0.4122,0.6584,0.1408,0,"SIM_20250901_164803"
331,0.3885,0.6011,0.155,0,"SIM_20250901_164803"
332,0.7236,0.3285,0.4859,0,"SIM_20250901_164803"
333,0.5016,0.4765,0.2626,0,"SIM_20250901_164803"
334,0.6642,0.394,0.4025,0,"SIM_20250901_164803"
335,0.831,0.2754,0.6021,1,"SIM_20250901_164803"
336,0.7367,0.2977,0.5174,1,"SIM_20250901_164803"
337,0.5681,0.4502,0.3123,0,"SIM_20250901_164803"
338,0.8029,0.2529,0.5998,1,"SIM_20250901_164803"
339,0.6912,0.3005,0.4835,0,"SIM_20250901_164803"
340,0.6442,0.4557,0.3506,0,"SIM_20250901_164803"
341,0.583,0.3489,0.3796,0,"SIM_20250901_164803"
342,0.4905,0.495,0.2477,0,"SIM_20250901_164803"
343,0.5599,0.5101,0.2743,0,"SIM_20250901_164803"
344,0.7709,0.2955,0.5431,1,"SIM_20250901_164803"
345,0.6175,0.4055,0.3671,0,"SIM_20250901_164803"
346,0.5558,0.5255,0.2638,0,"SIM_20250901_164803"
347,0.404,0.6425,0.1444,0,"SIM_20250901_164803"
348,0.4951,0.5643,0.2157,0,"SIM_20250901_164803"
349,0.521,0.4312,0.2964,0,"SIM_20250901_164803"
350,0.3386,0.6597,0.1152,0,"SIM_20250901_164803"
351,0.3252,0.7482,0.0819,0,"SIM_20250901_164803"
352,0.8337,0.2351,0.6377,1,"SIM_20250901_164803"
353,0.5576,0.4257,0.3202,0,"SIM_20250901_164803"
354,0.4583,0.555,0.204,0,"SIM_20250901_164803"
355,0.7503,0.3496,0.488,0,"SIM_20250901_164803"
356,0.4297,0.6426,0.1536,0,"SIM_20250901_164803"
357,0.6946,0.3123,0.4777,0,"SIM_20250901_164803"
358,0.5475,0.451,0.3006,0,"SIM_20250901_164803"
359,0.2392,0.7556,0.0585,0,"SIM_20250901_164803"
360,0.7334,0.4417,0.4095,0,"SIM_20250901_164803"
361,0.3736,0.694,0.1143,0,"SIM_20250901_164803"
362,0.1917,0.7737,0.0434,0,"SIM_20250901_164803"
363,0.3309,0.6206,0.1255,0,"SIM_20250901_164803"
364,0.6217,0.5294,0.2926,0,"SIM_20250901_164803"
365,0.4241,0.6379,0.1536,0,"SIM_20250901_164803"
366,0.3034,0.734,0.0807,0,"SIM_20250901_164803"
367,0.6385,0.5337,0.2978,0,"SIM_20250901_164803"
368,0.6886,0.4916,0.3501,0,"SIM_20250901_164803"
369,0.8888,0.2154,0.6973,1,"SIM_20250901_164803"
370,0.599,0.4538,0.3272,0,"SIM_20250901_164803"
371,0.2389,0.7671,0.0557,0,"SIM_20250901_164803"
372,0.5505,0.5987,0.2209,0,"SIM_20250901_164803"
373,0.6339,0.4854,0.3262,0,"SIM_20250901_164803"
374,0.7559,0.2849,0.5405,1,"SIM_20250901_164803"
375,0.4759,0.6677,0.1581,0,"SIM_20250901_164803"
376,0.2366,0.7728,0.0538,0,"SIM_20250901_164803"
377,0.9275,0.1851,0.7559,1,"SIM_20250901_164803"
378,0.7866,0.3113,0.5418,1,"SIM_20250901_164803"
379,0.698,0.3707,0.4392,0,"SIM_20250901_164803"
380,0.7721,0.32,0.525,1,"SIM_20250901_164803"
381,0.797,0.2622,0.588,1,"SIM_20250901_164803"
382,0.1839,0.7742,0.0415,0,"SIM_20250901_164803"
383,0.845,0.223,0.6565,1,"SIM_20250901_164803"
384,0.4041,0.6844,0.1276,0,"SIM_20250901_164803"
385,0.6399,0.4042,0.3812,0,"SIM_20250901_164803"
386,0.5866,0.3239,0.3966,0,"SIM_20250901_164803"
387,0.5397,0.4572,0.2929,0,"SIM_20250901_164803"
388,0.2685,0.7165,0.0761,0,"SIM_20250901_164803"
389,0.567,0.5408,0.2604,0,"SIM_20250901_164803"
390,0.3726,0.6528,0.1294,0,"SIM_20250901_164803"
391,0.407,0.7115,0.1174,0,"SIM_20250901_164803"
392,0.5709,0.377,0.3557,0,"SIM_20250901_164803"
393,0.4002,0.6877,0.125,0,"SIM_20250901_164803"
394,0.3867,0.6903,0.1198,0,"SIM_20250901_164803"
395,0.5682,0.5004,0.2839,0,"SIM_20250901_164803"
396,0.7417,0.2835,0.5314,1,"SIM_20250901_164803"
397,0.6075,0.3839,0.3743,0,"SIM_20250901_164803"
398,0.4819,0.4701,0.2554,0,"SIM_20250901_164803"
399,0.3039,0.7197,0.0852,0,"SIM_20250901_164803"
400,0.5601,0.3962,0.3382,0,"SIM_20250901_164803"
401,0.4358,0.6561,0.1499,0,"SIM_20250901_164803"
402,0.7127,0.3032,0.4967,0,"SIM_20250901_164803"
403,0.6542,0.4392,0.3669,0,"SIM_20250901_164803"
404,0.6317,0.3156,0.4323,0,"SIM_20250901_164803"
405,0.4633,0.585,0.1923,0,"SIM_20250901_164803"
406,0.4279,0.6673,0.1423,0,"SIM_20250901_164803"
407,0.6824,0.3089,0.4716,0,"SIM_20250901_164803"
408,0.3644,0.5792,0.1533,0,"SIM_20250901_164803"
409,0.5791,0.5556,0.2573,0,"SIM_20250901_164803"
410,0.708,0.461,0.3816,0,"SIM_20250901_164803"
411,0.727,0.3369,0.4821,0,"SIM_20250901_164803"
412,0.3304,0.724,0.0912,0,"SIM_20250901_164803"
413,0.5296,0.5112,0.2589,0,"SIM_20250901_164803"
414,0.5229,0.4959,0.2636,0,"SIM_20250901_164803"
415,0.242,0.7669,0.0564,0,"SIM_20250901_164803"
416,0.7258,0.3572,0.4666,0,"SIM_20250901_164803"
417,0.7836,0.3148,0.5369,1,"SIM_20250901_164803"
418,0.4286,0.5887,0.1763,0,"SIM_20250901_164803"
419,0.3427,0.6703,0.113,0,"SIM_20250901_164803"
420,0.3512,0.7244,0.0968,0,"SIM_20250901_164803"
421,0.6433,0.3842,0.3961,0,"SIM_20250901_164803"
422,0.6345,0.3567,0.4082,0,"SIM_20250901_164803"
423,0.3957,0.5691,0.1705,0,"SIM_20250901_164803"
424,0.6381,0.3231,0.4319,0,"SIM_20250901_164803"
425,0.8385,0.2316,0.6443,1,"SIM_20250901_164803"
426,0.4064,0.6871,0.1271,0,"SIM_20250901_164803"
427,0.8116,0.2825,0.5823,1,"SIM_20250901_164803"
428,0.5964,0.4467,0.33,0,"SIM_20250901_164803"
429,0.3986,0.5512,0.1789,0,"SIM_20250901_164803"
430,0.6382,0.429,0.3644,0,"SIM_20250901_164803"
431,0.3965,0.6822,0.126,0,"SIM_20250901_164803"
432,0.5284,0.538,0.2441,0,"SIM_20250901_164803"
433,0.6968,0.3596,0.4462,0,"SIM_20250901_164803"
434,0.3231,0.6673,0.1075,0,"SIM_20250901_164803"
435,0.7078,0.3875,0.4335,0,"SIM_20250901_164803"
436,0.65,0.4308,0.37,0,"SIM_20250901_164803"
437,0.6418,0.2979,0.4506,0,"SIM_20250901_164803"
438,0.2541,0.7434,0.0652,0,"SIM_20250901_164803"
439,0.2691,0.7326,0.072,0,"SIM_20250901_164803"
440,0.6745,0.4179,0.3926,0,"SIM_20250901_164803"
441,0.7044,0.2876,0.5018,1,"SIM_20250901_164803"
442,0.6661,0.3044,0.4633,0,"SIM_20250901_164803"
443,0.6537,0.3676,0.4134,0,"SIM_20250901_164803"
444,0.4622,0.4896,0.2359,0,"SIM_20250901_164803"
445,0.6485,0.4409,0.3626,0,"SIM_20250901_164803"
446,0.7642,0.3051,0.531,1,"SIM_20250901_164803"
447,0.4132,0.6454,0.1465,0,"SIM_20250901_164803"
448,0.5804,0.4316,0.3299,0,"SIM_20250901_164803"
449,0.224,0.7775,0.0499,0,"SIM_20250901_164803"
450,0.7408,0.4248,0.4261,0,"SIM_20250901_164803"
451,0.5367,0.5526,0.2401,0,"SIM_20250901_164803"
452,0.873,0.2381,0.6652,1,"SIM_20250901_164803"
453,0.6621,0.3557,0.4266,0,"SIM_20250901_164803"
454,0.4201,0.6298,0.1555,0,"SIM_20250901_164803"
455,0.5179,0.4857,0.2663,0,"SIM_20250901_164803"
456,0.6073,0.4942,0.3072,0,"SIM_20250901_164803"
457,0.2593,0.7338,0.069,0,"SIM_20250901_164803"
458,0.4773,0.6989,0.1437,0,"SIM_20250901_164803"
459,0.4504,0.6287,0.1673,0,"SIM_20250901_164803"
460,0.7373,0.4249,0.4241,0,"SIM_20250901_164803"
461,0.4607,0.6392,0.1662,0,"SIM_20250901_164803"
462,0.5175,0.4084,0.3061,0,"SIM_20250901_164803"
463,0.7925,0.274,0.5754,1,"SIM_20250901_164803"
464,0.8705,0.2043,0.6927,1,"SIM_20250901_164803"
465,0.7119,0.373,0.4464,0,"SIM_20250901_164803"
466,0.2995,0.7563,0.073,0,"SIM_20250901_164803"
467,0.6305,0.3224,0.4272,0,"SIM_20250901_164803"
468,0.6642,0.4724,0.3505,0,"SIM_20250901_164803"
469,0.7015,0.3096,0.4843,0,"SIM_20250901_164803"
470,0.3072,0.7304,0.0828,0,"SIM_20250901_164803"
471,0.8757,0.2435,0.6625,1,"SIM_20250901_164803"
472,0.5396,0.4476,0.2981,0,"SIM_20250901_164803"
473,0.5833,0.5248,0.2772,0,"SIM_20250901_164803"
474,0.2766,0.7445,0.0707,0,"SIM_20250901_164803"
475,0.8448,0.2546,0.6297,1,"SIM_20250901_164803"
476,0.4466,0.7004,0.1338,0,"SIM_20250901_164803"
477,0.3296,0.6954,0.1004,0,"SIM_20250901_164803"
478,0.3395,0.7419,0.0876,0,"SIM_20250901_164803"
479,0.6221,0.4528,0.3404,0,"SIM_20250901_164803"
480,0.2645,0.7326,0.0707,0,"SIM_20250901_164803"
481,0.6702,0.3831,0.4134,0,"SIM_20250901_164803"
482,0.6283,0.5527,0.281,0,"SIM_20250901_164803"
483,0.8488,0.2052,0.6746,1,"SIM_20250901_164803"
484,0.3282,0.7239,0.0906,0,"SIM_20250901_164803"
485,0.803,0.2694,0.5867,1,"SIM_20250901_164803"
486,0.6856,0.3254,0.4625,0,"SIM_20250901_164803"
487,0.5209,0.5842,0.2166,0,"SIM_20250901_164803"
488,0.5501,0.5913,0.2248,0,"SIM_20250901_164803"
489,0.8807,0.2254,0.6821,1,"SIM_20250901_164803"
490,0.6908,0.3181,0.4711,0,"SIM_20250901_164803"
491,0.3284,0.7005,0.0984,0,"SIM_20250901_164803"
492,0.48,0.6496,0.1682,0,"SIM_20250901_164803"
493,0.6396,0.5514,0.2869,0,"SIM_20250901_164803"
494,0.5348,0.4503,0.294,0,"SIM_20250901_164803"
495,0.4639,0.56,0.2041,0,"SIM_20250901_164803"
496,0.7216,0.3212,0.4898,0,"SIM_20250901_164803"
497,0.7493,0.2978,0.5261,1,"SIM_20250901_164803"
498,0.5624,0.5762,0.2383,0,"SIM_20250901_164803"
499,0.8939,0.2575,0.6637,1,"SIM_20250901_164803"
500,0.5648,0.3599,0.3616,0,"SIM_20250901_164803"
501,0.4412,0.6433,0.1574,0,"SIM_20250901_164803"
502,0.7919,0.2797,0.5704,1,"SIM_20250901_164803"
503,0.524,0.5302,0.2462,0,"SIM_20250901_164803"
504,0.536,0.4896,0.2736,0,"SIM_20250901_164803"
505,0.6179,0.4324,0.3507,0,"SIM_20250901_164803"
506,0.4636,0.5226,0.2213,0,"SIM_20250901_164803"
507,0.4508,0.6609,0.1529,0,"SIM_20250901_164803"
508,0.3647,0.6801,0.1167,0,"SIM_20250901_164803"
509,0.6746,0.3118,0.4643,0,"SIM_20250901_164803"
510,0.8396,0.289,0.5969,1,"SIM_20250901_164803"
511,0.4324,0.5883,0.178,0,"SIM_20250901_164803"
512,0.3976,0.6382,0.1439,0,"SIM_20250901_164803"
513,0.572,0.521,0.274,0,"SIM_20250901_164803"
514,0.6277,0.441,0.3509,0,"SIM_20250901_164803"
515,0.2305,0.6954,0.0702,0,"SIM_20250901_164803"
516,0.7248,0.3875,0.4439,0,"SIM_20250901_164803"
517,0.8336,0.2666,0.6114,1,"SIM_20250901_164803"
518,0.695,0.2934,0.4911,0,"SIM_20250901_164803"
519,0.2969,0.6554,0.1023,0,"SIM_20250901_164803"
520,0.7071,0.3567,0.4549,0,"SIM_20250901_164803"
521,0.4015,0.6587,0.137,0,"SIM_20250901_164803"
522,0.7932,0.2828,0.5689,1,"SIM_20250901_164803"
523,0.4467,0.5772,0.1889,0,"SIM_20250901_164803"
524,0.3583,0.6958,0.109,0,"SIM_20250901_164803"
525,0.5409,0.6007,0.2159,0,"SIM_20250901_164803"
526,0.2103,0.7685,0.0487,0,"SIM_20250901_164803"
527,0.4328,0.6703,0.1427,0,"SIM_20250901_164803"
528,0.7013,0.3216,0.4757,0,"SIM_20250901_164803"
529,0.5902,0.5026,0.2936,0,"SIM_20250901_164803"
530,0.3843,0.6099,0.1499,0,"SIM_20250901_164803"
531,0.453,0.4968,0.228,0,"SIM_20250901_164803"
532,0.7499,0.3327,0.5004,1,"SIM_20250901_164803"
533,0.4118,0.6723,0.135,0,"SIM_20250901_164803"
534,0.7695,0.2758,0.5572,1,"SIM_20250901_164803"
535,0.4705,0.6177,0.1799,0,"SIM_20250901_164803"
536,0.4823,0.6447,0.1713,0,"SIM_20250901_164803"
537,0.5814,0.422,0.3361,0,"SIM_20250901_164803"
538,0.4005,0.6034,0.1589,0,"SIM_20250901_164803"
539,0.5643,0.5127,0.275,0,"SIM_20250901_164803"
540,0.3859,0.6442,0.1373,0,"SIM_20250901_164803"
541,0.7654,0.2585,0.5675,1,"SIM_20250901_164803"
542,0.6722,0.3058,0.4667,0,"SIM_20250901_164803"
543,0.6334,0.4909,0.3224,0,"SIM_20250901_164803"
544,0.5324,0.5323,0.249,0,"SIM_20250901_164803"
545,0.4786,0.6109,0.1862,0,"SIM_20250901_164803"
546,0.6974,0.3402,0.4602,0,"SIM_20250901_164803"
547,0.8101,0.3145,0.5554,1,"SIM_20250901_164803"
548,0.4265,0.596,0.1723,0,"SIM_20250901_164803"
549,0.4169,0.6294,0.1545,0,"SIM_20250901_164803"
550,0.785,0.2554,0.5845,1,"SIM_20250901_164803"
551,0.706,0.3054,0.4904,0,"SIM_20250901_164803"
552,0.5309,0.5047,0.2629,0,"SIM_20250901_164803"
553,0.3009,0.7433,0.0773,0,"SIM_20250901_164803"
554,0.5686,0.3773,0.3541,0,"SIM_20250901_164803"
555,0.7539,0.3593,0.4831,0,"SIM_20250901_164803"
556,0.4537,0.6493,0.1591,0,"SIM_20250901_164803"
557,0.5402,0.5366,0.2503,0,"SIM_20250901_164803"
558,0.6664,0.2912,0.4723,0,"SIM_20250901_164803"
559,0.561,0.4293,0.3202,0,"SIM_20250901_164803"
560,0.6987,0.4919,0.355,0,"SIM_20250901_164803"
561,0.4102,0.626,0.1534,0,"SIM_20250901_164803"
562,0.5421,0.4944,0.2741,0,"SIM_20250901_164803"
563,0.7118,0.3047,0.4949,0,"SIM_20250901_164803"
564,0.3657,0.7267,0.1,0,"SIM_20250901_164803"
565,0.8775,0.2373,0.6692,1,"SIM_20250901_164803"
566,0.3015,0.7355,0.0798,0,"SIM_20250901_164803"
567,0.5558,0.6368,0.2019,0,"SIM_20250901_164803"
568,0.7908,0.245,0.5971,1,"SIM_20250901_164803"
569,0.8118,0.2361,0.6201,1,"SIM_20250901_164803"
570,0.6582,0.3286,0.4419,0,"SIM_20250901_164803"
571,0.7013,0.3228,0.4749,0,"SIM_20250901_164803"
572,0.546,0.5502,0.2456,0,"SIM_20250901_164803"
573,0.2279,0.7701,0.0524,0,"SIM_20250901_164803"
574,0.326,0.7286,0.0885,0,"SIM_20250901_164803"
575,0.6112,0.3667,0.3871,0,"SIM_20250901_164803"
576,0.5493,0.4497,0.3022,0,"SIM_20250901_164803"
577,0.7569,0.2819,0.5435,1,"SIM_20250901_164803"
578,0.6785,0.3309,0.454,0,"SIM_20250901_164803"
579,0.2949,0.7297,0.0797,0,"SIM_20250901_164803"
580,0.753,0.2825,0.5403,1,"SIM_20250901_164803"
581,0.6904,0.359,0.4425,0,"SIM_20250901_164803"
582,0.6816,0.3111,0.4695,0,"SIM_20250901_164803"
583,0.5758,0.4605,0.3107,0,"SIM_20250901_164803"
584,0.4785,0.6988,0.1441,0,"SIM_20250901_164803"
585,0.726,0.2922,0.5139,1,"SIM_20250901_164803"
586,0.4157,0.6115,0.1615,0,"SIM_20250901_164803"
587,0.3516,0.7161,0.0998,0,"SIM_20250901_164803"
588,0.6273,0.5055,0.3102,0,"SIM_20250901_164803"
589,0.6446,0.5123,0.3144,0,"SIM_20250901_164803"
590,0.5732,0.4586,0.3103,0,"SIM_20250901_164803"
591,0.3012,0.6469,0.1064,0,"SIM_20250901_164803"
592,0.6796,0.3737,0.4257,0,"SIM_20250901_164803"
593,0.4946,0.5032,0.2457,0,"SIM_20250901_164803"
594,0.2667,0.735,0.0707,0,"SIM_20250901_164803"
595,0.3283,0.7289,0.089,0,"SIM_20250901_164803"
596,0.4249,0.6335,0.1557,0,"SIM_20250901_164803"
597,0.7487,0.3243,0.506,1,"SIM_20250901_164803"
598,0.4463,0.6463,0.1579,0,"SIM_20250901_164803"
599,0.7549,0.2882,0.5373,1,"SIM_20250901_164803"
600,0.7093,0.4382,0.3985,0,"SIM_20250901_164803"
601,0.4176,0.6918,0.1287,0,"SIM_20250901_164803"
602,0.8177,0.2385,0.6227,1,"SIM_20250901_164803"
603,0.6421,0.42,0.3724,0,"SIM_20250901_164803"
604,0.2853,0.7386,0.0746,0,"SIM_20250901_164803"
605,0.3677,0.6591,0.1254,0,"SIM_20250901_164803"
606,0.5888,0.6002,0.2354,0,"SIM_20250901_164803"
607,0.7315,0.3064,0.5074,1,"SIM_20250901_164803"
608,0.7843,0.2917,0.5555,1,"SIM_20250901_164803"
609,0.8185,0.2994,0.5734,1,"SIM_20250901_164803"
610,0.8025,0.2409,0.6092,1,"SIM_20250901_164803"
611,0.7635,0.3072,0.5289,1,"SIM_20250901_164803"
612,0.3997,0.6665,0.1333,0,"SIM_20250901_164803"
613,0.3197,0.6626,0.1079,0,"SIM_20250901_164803"
614,0.4982,0.4455,0.2762,0,"SIM_20250901_164803"
615,0.8216,0.2913,0.5823,1,"SIM_20250901_164803"
616,0.6608,0.3209,0.4488,0,"SIM_20250901_164803"
617,0.7992,0.2992,0.5601,1,"SIM_20250901_164803"
618,0.6103,0.5052,0.302,0,"SIM_20250901_164803"
619,0.6662,0.4189,0.3872,0,"SIM_20250901_164803"
620,0.2953,0.758,0.0715,0,"SIM_20250901_164803"
621,0.3543,0.5992,0.142,0,"SIM_20250901_164803"
622,0.5732,0.4461,0.3175,0,"SIM_20250901_164803"
623,0.8435,0.2658,0.6193,1,"SIM_20250901_164803"
624,0.2734,0.7257,0.075,0,"SIM_20250901_164803"
625,0.5146,0.528,0.2429,0,"SIM_20250901_164803"
626,0.3656,0.7295,0.0989,0,"SIM_20250901_164803"
627,0.6158,0.3821,0.3805,0,"SIM_20250901_164803"
628,0.335,0.7282,0.0911,0,"SIM_20250901_164803"
629,0.6722,0.3047,0.4674,0,"SIM_20250901_164803"
630,0.8281,0.3001,0.5796,1,"SIM_20250901_164803"
631,0.8254,0.2554,0.6146,1,"SIM_20250901_164803"
632,0.4665,0.6469,0.1647,0,"SIM_20250901_164803"
633,0.7806,0.3058,0.5419,1,"SIM_20250901_164803"
634,0.6965,0.3564,0.4483,0,"SIM_20250901_164803"
635,0.7314,0.2979,0.5135,1,"SIM_20250901_164803"
636,0.3217,0.7013,0.0961,0,"SIM_20250901_164803"
637,0.6153,0.4235,0.3547,0,"SIM_20250901_164803"
638,0.3457,0.6039,0.1369,0,"SIM_20250901_164803"
639,0.4631,0.5581,0.2046,0,"SIM_20250901_164803"
640,0.4363,0.5124,0.2127,0,"SIM_20250901_164803"
641,0.2527,0.7602,0.0606,0,"SIM_20250901_164803"
642,0.6334,0.4401,0.3547,0,"SIM_20250901_164803"
643,0.4267,0.5431,0.1949,0,"SIM_20250901_164803"
644,0.6901,0.3288,0.4632,0,"SIM_20250901_164803"
645,0.7301,0.4238,0.4207,0,"SIM_20250901_164803"
646,0.5448,0.523,0.2598,0,"SIM_20250901_164803"
647,0.628,0.4339,0.3555,0,"SIM_20250901_164803"
648,0.6477,0.3791,0.4022,0,"SIM_20250901_164803"
649,0.3892,0.6918,0.1199,0,"SIM_20250901_164803"
650,0.8262,0.2586,0.6126,1,"SIM_20250901_164803"
651,0.8923,0.212,0.7031,1,"SIM_20250901_164803"
652,0.5139,0.644,0.183,0,"SIM_20250901_164803"
653,0.3042,0.7274,0.0829,0,"SIM_20250901_164803"
654,0.4518,0.6633,0.1521,0,"SIM_20250901_164803"
655,0.6679,0.3197,0.4544,0,"SIM_20250901_164803"
656,0.7643,0.275,0.5541,1,"SIM_20250901_164803"
657,0.7624,0.2641,0.561,1,"SIM_20250901_164803"
658,0.5481,0.6161,0.2104,0,"SIM_20250901_164803"
659,0.8057,0.3931,0.489,0,"SIM_20250901_164803"
660,0.5579,0.5173,0.2693,0,"SIM_20250901_164803"
661,0.3415,0.7528,0.0844,0,"SIM_20250901_164803"
662,0.3108,0.7579,0.0753,0,"SIM_20250901_164803"
663,0.4186,0.5907,0.1713,0,"SIM_20250901_164803"
664,0.7875,0.2827,0.5649,1,"SIM_20250901_164803"
665,0.6535,0.3094,0.4513,0,"SIM_20250901_164803"
666,0.6963,0.3357,0.4626,0,"SIM_20250901_164803"
667,0.6017,0.3605,0.3848,0,"SIM_20250901_164803"
668,0.741,0.2983,0.5199,1,"SIM_20250901_164803"
669,0.6424,0.345,0.4208,0,"SIM_20250901_164803"
670,0.5543,0.4524,0.3036,0,"SIM_20250901_164803"
671,0.6541,0.3,0.4579,0,"SIM_20250901_164803"
672,0.2293,0.7616,0.0547,0,"SIM_20250901_164803"
673,0.3557,0.6899,0.1103,0,"SIM_20250901_164803"
674,0.6868,0.3236,0.4646,0,"SIM_20250901_164803"
675,0.654,0.3414,0.4307,0,"SIM_20250901_164803"
676,0.4953,0.4938,0.2508,0,"SIM_20250901_164803"
677,0.7032,0.2791,0.5069,1,"SIM_20250901_164803"
678,0.7957,0.2748,0.5771,1,"SIM_20250901_164803"
679,0.5563,0.5203,0.2668,0,"SIM_20250901_164803"
680,0.4425,0.5864,0.183,0,"SIM_20250901_164803"
681,0.524,0.4838,0.2705,0,"SIM_20250901_164803"
682,0.7145,0.3234,0.4834,0,"SIM_20250901_164803"
683,0.708,0.3174,0.4833,0,"SIM_20250901_164803"
684,0.625,0.3269,0.4207,0,"SIM_20250901_164803"
685,0.5372,0.6837,0.1699,0,"SIM_20250901_164803"
686,0.3964,0.6932,0.1216,0,"SIM_20250901_164803"
687,0.7449,0.3145,0.5106,1,"SIM_20250901_164803"
688,0.6875,0.3061,0.477,0,"SIM_20250901_164803"
689,0.6659,0.4044,0.3966,0,"SIM_20250901_164803"
690,0.4261,0.6416,0.1527,0,"SIM_20250901_164803"
691,0.3307,0.6357,0.1205,0,"SIM_20250901_164803"
692,0.38,0.6428,0.1357,0,"SIM_20250901_164803"
693,0.4394,0.6799,0.1406,0,"SIM_20250901_164803"
694,0.6197,0.4214,0.3585,0,"SIM_20250901_164803"
695,0.6979,0.3093,0.482,0,"SIM_20250901_164803"
696,0.4406,0.711,0.1273,0,"SIM_20250901_164803"
697,0.6417,0.4108,0.3781,0,"SIM_20250901_164803"
698,0.6561,0.4842,0.3384,0,"SIM_20250901_164803"
699,0.8595,0.2207,0.6698,1,"SIM_20250901_164803"
700,0.8239,0.2895,0.5853,1,"SIM_20250901_164803"
701,0.4741,0.5832,0.1976,0,"SIM_20250901_164803"
702,0.6076,0.4244,0.3497,0,"SIM_20250901_164803"
703,0.4737,0.5342,0.2206,0,"SIM_20250901_164803"
704,0.6363,0.3692,0.4014,0,"SIM_20250901_164803"
705,0.429,0.6945,0.1311,0,"SIM_20250901_164803"
706,0.8715,0.1881,0.7076,1,"SIM_20250901_164803"
707,0.5788,0.3614,0.3696,0,"SIM_20250901_164803"
708,0.3464,0.6595,0.118,0,"SIM_20250901_164803"
709,0.2961,0.7257,0.0812,0,"SIM_20250901_164803"
710,0.567,0.4413,0.3168,0,"SIM_20250901_164803"
711,0.6458,0.3112,0.4448,0,"SIM_20250901_164803"
712,0.316,0.7419,0.0816,0,"SIM_20250901_164803"
713,0.8032,0.284,0.5752,1,"SIM_20250901_164803"
714,0.516,0.5734,0.2201,0,"SIM_20250901_164803"
715,0.6677,0.4168,0.3894,0,"SIM_20250901_164803"
716,0.2427,0.7678,0.0563,0,"SIM_20250901_164803"
717,0.589,0.5346,0.2741,0,"SIM_20250901_164803"
718,0.4284,0.5531,0.1915,0,"SIM_20250901_164803"
719,0.261,0.7244,0.0719,0,"SIM_20250901_164803"
720,0.5998,0.5218,0.2868,0,"SIM_20250901_164803"
721,0.5167,0.5081,0.2542,0,"SIM_20250901_164803"
722,0.6951,0.3619,0.4436,0,"SIM_20250901_164803"
723,0.568,0.465,0.3039,0,"SIM_20250901_164803"
724,0.2561,0.7093,0.0745,0,"SIM_20250901_164803"
725,0.5284,0.491,0.269,0,"SIM_20250901_164803"
726,0.7836,0.2799,0.5643,1,"SIM_20250901_164803"
727,0.6465,0.3331,0.4311,0,"SIM_20250901_164803"
728,0.5198,0.4647,0.2783,0,"SIM_20250901_164803"
729,0.3391,0.7088,0.0987,0,"SIM_20250901_164803"
730,0.5961,0.3684,0.3765,0,"SIM_20250901_164803"
731,0.7138,0.3624,0.4551,0,"SIM_20250901_164803"
732,0.5838,0.5325,0.2729,0,"SIM_20250901_164803"
733,0.5576,0.6089,0.218,0,"SIM_20250901_164803"
734,0.5232,0.6168,0.2005,0,"SIM_20250901_164803"
735,0.2676,0.7526,0.0662,0,"SIM_20250901_164803"
736,0.7332,0.2998,0.5134,1,"SIM_20250901_164803"
737,0.2357,0.7471,0.0596,0,"SIM_20250901_164803"
738,0.4419,0.6189,0.1684,0,"SIM_20250901_164803"
739,0.3817,0.6267,0.1425,0,"SIM_20250901_164803"
740,0.6273,0.4504,0.3448,0,"SIM_20250901_164803"
741,0.5705,0.5446,0.2598,0,"SIM_20250901_164803"
742,0.6803,0.402,0.4068,0,"SIM_20250901_164803"
743,0.81,0.2781,0.5848,1,"SIM_20250901_164803"
744,0.6258,0.4103,0.369,0,"SIM_20250901_164803"
745,0.3839,0.5259,0.182,0,"SIM_20250901_164803"
746,0.588,0.6315,0.2167,0,"SIM_20250901_164803"
747,0.7482,0.3107,0.5157,1,"SIM_20250901_164803"
748,0.3879,0.7055,0.1142,0,"SIM_20250901_164803"
749,0.3327,0.6693,0.11,0,"SIM_20250901_164803"
750,0.3721,0.7389,0.0972,0,"SIM_20250901_164803"
751,0.56,0.475,0.294,0,"SIM_20250901_164803"
752,0.7516,0.2781,0.5426,1,"SIM_20250901_164803"
753,0.3871,0.6816,0.1233,0,"SIM_20250901_164803"
754,0.6227,0.3339,0.4148,0,"SIM_20250901_164803"
755,0.5888,0.5115,0.2876,0,"SIM_20250901_164803"
756,0.4723,0.5895,0.1939,0,"SIM_20250901_164803"
757,0.4299,0.631,0.1586,0,"SIM_20250901_164803"
758,0.715,0.3423,0.4702,0,"SIM_20250901_164803"
759,0.7006,0.2896,0.4977,0,"SIM_20250901_164803"
760,0.8117,0.2713,0.5915,1,"SIM_20250901_164803"
761,0.4894,0.5551,0.2177,0,"SIM_20250901_164803"
762,0.465,0.5902,0.1906,0,"SIM_20250901_164803"
763,0.7008,0.3135,0.4811,0,"SIM_20250901_164803"
764,0.7028,0.3717,0.4416,0,"SIM_20250901_164803"
765,0.577,0.5418,0.2644,0,"SIM_20250901_164803"
766,0.7729,0.345,0.5063,1,"SIM_20250901_164803"
767,0.6857,0.3944,0.4153,0,"SIM_20250901_164803"
768,0.4093,0.6707,0.1348,0,"SIM_20250901_164803"
769,0.3955,0.6726,0.1295,0,"SIM_20250901_164803"
770,0.7393,0.2959,0.5206,1,"SIM_20250901_164803"
771,0.6246,0.3633,0.3976,0,"SIM_20250901_164803"
772,0.3888,0.5795,0.1635,0,"SIM_20250901_164803"
773,0.2194,0.7738,0.0496,0,"SIM_20250901_164803"
774,0.4369,0.5745,0.1859,0,"SIM_20250901_164803"
775,0.3213,0.7233,0.0889,0,"SIM_20250901_164803"
776,0.7172,0.4999,0.3586,0,"SIM_20250901_164803"
777,0.7707,0.3235,0.5213,1,"SIM_20250901_164803"
778,0.213,0.7525,0.0527,0,"SIM_20250901_164803"
779,0.6525,0.3391,0.4313,0,"SIM_20250901_164803"
780,0.755,0.2968,0.5309,1,"SIM_20250901_164803"
781,0.7449,0.4369,0.4194,0,"SIM_20250901_164803"
782,0.7955,0.2771,0.5751,1,"SIM_20250901_164803"
783,0.4686,0.5998,0.1875,0,"SIM_20250901_164803"
784,0.7139,0.3899,0.4356,0,"SIM_20250901_164803"
785,0.6336,0.3802,0.3927,0,"SIM_20250901_164803"
786,0.7458,0.2793,0.5375,1,"SIM_20250901_164803"
787,0.5054,0.605,0.1996,0,"SIM_20250901_164803"
788,0.4108,0.6835,0.13,0,"SIM_20250901_164803"
789,0.4708,0.6018,0.1875,0,"SIM_20250901_164803"
790,0.4547,0.6509,0.1588,0,"SIM_20250901_164803"
791,0.4525,0.5279,0.2136,0,"SIM_20250901_164803"
792,0.3413,0.7286,0.0926,0,"SIM_20250901_164803"
793,0.4108,0.6558,0.1414,0,"SIM_20250901_164803"
794,0.4518,0.5942,0.1833,0,"SIM_20250901_164803"
795,0.4155,0.6023,0.1652,0,"SIM_20250901_164803"
796,0.5762,0.354,0.3722,0,"SIM_20250901_164803"
797,0.2993,0.7136,0.0857,0,"SIM_20250901_164803"
798,0.3016,0.7273,0.0822,0,"SIM_20250901_164803"
799,0.5273,0.4563,0.2867,0,"SIM_20250901_164803"
800,0.3382,0.7496,0.0847,0,"SIM_20250901_164803"
801,0.3136,0.7575,0.0761,0,"SIM_20250901_164803"
802,0.2374,0.7621,0.0565,0,"SIM_20250901_164803"
803,0.6611,0.3134,0.4539,0,"SIM_20250901_164803"
804,0.5015,0.6097,0.1957,0,"SIM_20250901_164803"
805,0.7744,0.335,0.515,1,"SIM_20250901_164803"
806,0.6422,0.4623,0.3453,0,"SIM_20250901_164803"
807,0.5961,0.4096,0.3519,0,"SIM_20250901_164803"
808,0.355,0.6402,0.1278,0,"SIM_20250901_164803"
809,0.5677,0.454,0.31,0,"SIM_20250901_164803"
810,0.6406,0.3247,0.4326,0,"SIM_20250901_164803"
811,0.598,0.5089,0.2937,0,"SIM_20250901_164803"
812,0.7143,0.3158,0.4888,0,"SIM_20250901_164803"
813,0.2587,0.7618,0.0616,0,"SIM_20250901_164803"
814,0.4722,0.5708,0.2027,0,"SIM_20250901_164803"
815,0.5418,0.4524,0.2967,0,"SIM_20250901_164803"
816,0.5615,0.5758,0.2382,0,"SIM_20250901_164803"
817,0.3861,0.6752,0.1254,0,"SIM_20250901_164803"
818,0.6231,0.3413,0.4105,0,"SIM_20250901_164803"
819,0.547,0.4598,0.2955,0,"SIM_20250901_164803"
820,0.4878,0.5654,0.212,0,"SIM_20250901_164803"
821,0.6789,0.3226,0.4599,0,"SIM_20250901_164803"
822,0.3416,0.6059,0.1347,0,"SIM_20250901_164803"
823,0.4859,0.5904,0.199,0,"SIM_20250901_164803"
824,0.6493,0.3273,0.4368,0,"SIM_20250901_164803"
825,0.1898,0.7628,0.045,0,"SIM_20250901_164803"
826,0.7585,0.4387,0.4258,0,"SIM_20250901_164803"
827,0.3572,0.6717,0.1173,0,"SIM_20250901_164803"
828,0.6653,0.3058,0.4618,0,"SIM_20250901_164803"
829,0.2802,0.7125,0.0806,0,"SIM_20250901_164803"
830,0.4674,0.6104,0.1821,0,"SIM_20250901_164803"
831,0.6945,0.3116,0.478,0,"SIM_20250901_164803"
832,0.7186,0.343,0.4721,0,"SIM_20250901_164803"
833,0.259,0.7673,0.0603,0,"SIM_20250901_164803"
834,0.3475,0.6977,0.105,0,"SIM_20250901_164803"
835,0.8496,0.2375,0.6478,1,"SIM_20250901_164803"
836,0.4749,0.6074,0.1865,0,"SIM_20250901_164803"
837,0.4617,0.5423,0.2113,0,"SIM_20250901_164803"
838,0.7748,0.252,0.5795,1,"SIM_20250901_164803"
839,0.6411,0.3196,0.4362,0,"SIM_20250901_164803"
840,0.2578,0.7462,0.0654,0,"SIM_20250901_164803"
841,0.8885,0.2719,0.6469,1,"SIM_20250901_164803"
842,0.6444,0.3775,0.4012,0,"SIM_20250901_164803"
843,0.767,0.2966,0.5395,1,"SIM_20250901_164803"
844,0.7245,0.3049,0.5036,1,"SIM_20250901_164803"
845,0.8667,0.2164,0.6792,1,"SIM_20250901_164803"
846,0.5827,0.4867,0.2991,0,"SIM_20250901_164803"
847,0.2355,0.7694,0.0543,0,"SIM_20250901_164803"
848,0.361,0.6881,0.1126,0,"SIM_20250901_164803"
849,0.3584,0.5756,0.1521,0,"SIM_20250901_164803"
850,0.6583,0.3115,0.4533,0,"SIM_20250901_164803"
851,0.622,0.4573,0.3376,0,"SIM_20250901_164803"
852,0.6868,0.4769,0.3593,0,"SIM_20250901_164803"
853,0.8242,0.2974,0.5791,1,"SIM_20250901_164803"
854,0.6183,0.6326,0.2271,0,"SIM_20250901_164803"
855,0.8451,0.2444,0.6386,1,"SIM_20250901_164803"
856,0.7034,0.293,0.4973,0,"SIM_20250901_164803"
857,0.4082,0.6475,0.1439,0,"SIM_20250901_164803"
858,0.3213,0.7337,0.0856,0,"SIM_20250901_164803"
859,0.7419,0.3006,0.5189,1,"SIM_20250901_164803"
860,0.4604,0.5681,0.1988,0,"SIM_20250901_164803"
861,0.3692,0.6535,0.1279,0,"SIM_20250901_164803"
862,0.6716,0.3664,0.4255,0,"SIM_20250901_164803"
863,0.7308,0.3834,0.4506,0,"SIM_20250901_164803"
864,0.6083,0.4018,0.3639,0,"SIM_20250901_164803"
865,0.5221,0.4212,0.3022,0,"SIM_20250901_164803"
866,0.3204,0.7593,0.0771,0,"SIM_20250901_164803"
867,0.7147,0.3322,0.4773,0,"SIM_20250901_164803"
868,0.6649,0.4299,0.379,0,"SIM_20250901_164803"
869,0.5093,0.5177,0.2456,0,"SIM_20250901_164803"
870,0.4463,0.67,0.1473,0,"SIM_20250901_164803"
871,0.6085,0.4421,0.3394,0,"SIM_20250901_164803"
872,0.701,0.328,0.4711,0,"SIM_20250901_164803"
873,0.8663,0.2301,0.667,1,"SIM_20250901_164803"
874,0.5808,0.3498,0.3776,0,"SIM_20250901_164803"
875,0.599,0.4215,0.3465,0,"SIM_20250901_164803"
876,0.6757,0.3134,0.464,0,"SIM_20250901_164803"
877,0.5083,0.509,0.2496,0,"SIM_20250901_164803"
878,0.3988,0.6113,0.155,0,"SIM_20250901_164803"
879,0.3164,0.7486,0.0795,0,"SIM_20250901_164803"
880,0.3017,0.6532,0.1046,0,"SIM_20250901_164803"
881,0.2514,0.7196,0.0705,0,"SIM_20250901_164803"
882,0.5122,0.4307,0.2916,0,"SIM_20250901_164803"
883,0.5154,0.5324,0.241,0,"SIM_20250901_164803"
884,0.4981,0.4797,0.2592,0,"SIM_20250901_164803"
885,0.7525,0.2908,0.5337,1,"SIM_20250901_164803"
886,0.6897,0.3925,0.419,0,"SIM_20250901_164803"
887,0.6208,0.5738,0.2646,0,"SIM_20250901_164803"
888,0.4597,0.5947,0.1863,0,"SIM_20250901_164803"
889,0.4983,0.522,0.2382,0,"SIM_20250901_164803"
890,0.3084,0.7074,0.0902,0,"SIM_20250901_164803"
891,0.2573,0.7601,0.0617,0,"SIM_20250901_164803"
892,0.8502,0.2112,0.6706,1,"SIM_20250901_164803"
893,0.5322,0.557,0.2358,0,"SIM_20250901_164803"
894,0.7153,0.3369,0.4743,0,"SIM_20250901_164803"
895,0.4316,0.5818,0.1805,0,"SIM_20250901_164803"
896,0.3227,0.6966,0.0979,0,"SIM_20250901_164803"
897,0.4607,0.55,0.2073,0,"SIM_20250901_164803"
898,0.7697,0.4365,0.4337,0,"SIM_20250901_164803"
899,0.4776,0.4452,0.265,0,"SIM_20250901_164803"
900,0.4879,0.648,0.1718,0,"SIM_20250901_164803"
901,0.8051,0.3927,0.4889,0,"SIM_20250901_164803"
902,0.5324,0.4584,0.2883,0,"SIM_20250901_164803"
903,0.739,0.316,0.5055,1,"SIM_20250901_164803"
904,0.3573,0.7234,0.0988,0,"SIM_20250901_164803"
905,0.5285,0.4957,0.2665,0,"SIM_20250901_164803"
906,0.5924,0.4906,0.3018,0,"SIM_20250901_164803"
907,0.6845,0.3286,0.4596,0,"SIM_20250901_164803"
908,0.6043,0.4623,0.3249,0,"SIM_20250901_164803"
909,0.5776,0.387,0.3541,0,"SIM_20250901_164803"
910,0.776,0.2858,0.5542,1,"SIM_20250901_164803"
911,0.6283,0.3531,0.4065,0,"SIM_20250901_164803"
912,0.6121,0.3255,0.4128,0,"SIM_20250901_164803"
913,0.6435,0.6184,0.2456,0,"SIM_20250901_164803"
914,0.3628,0.6003,0.145,0,"SIM_20250901_164803"
915,0.5306,0.6354,0.1935,0,"SIM_20250901_164803"
916,0.5861,0.6321,0.2156,0,"SIM_20250901_164803"
917,0.2206,0.7409,0.0572,0,"SIM_20250901_164803"
918,0.4709,0.6056,0.1857,0,"SIM_20250901_164803"
919,0.5817,0.6229,0.2194,0,"SIM_20250901_164803"
920,0.9336,0.1771,0.7683,1,"SIM_20250901_164803"
921,0.2442,0.7766,0.0545,0,"SIM_20250901_164803"
922,0.6343,0.3164,0.4336,0,"SIM_20250901_164803"
923,0.5543,0.5548,0.2467,0,"SIM_20250901_164803"
924,0.2453,0.7456,0.0624,0,"SIM_20250901_164803"
925,0.4474,0.624,0.1682,0,"SIM_20250901_164803"
926,0.5644,0.3619,0.3601,0,"SIM_20250901_164803"
927,0.3723,0.6334,0.1365,0,"SIM_20250901_164803"
928,0.5594,0.4481,0.3088,0,"SIM_20250901_164803"
929,0.6718,0.3573,0.4317,0,"SIM_20250901_164803"
930,0.5733,0.3716,0.3602,0,"SIM_20250901_164803"
931,0.2047,0.7554,0.0501,0,"SIM_20250901_164803"
932,0.3392,0.6015,0.1352,0,"SIM_20250901_164803"
933,0.4607,0.6806,0.1471,0,"SIM_20250901_164803"
934,0.6327,0.3811,0.3916,0,"SIM_20250901_164803"
935,0.6796,0.4099,0.401,0,"SIM_20250901_164803"
936,0.8201,0.2668,0.6013,1,"SIM_20250901_164803"
937,0.6943,0.321,0.4714,0,"SIM_20250901_164803"
938,0.3866,0.6248,0.1451,0,"SIM_20250901_164803"
939,0.7459,0.3481,0.4863,0,"SIM_20250901_164803"
940,0.789,0.2515,0.5905,1,"SIM_20250901_164803"
941,0.7807,0.2798,0.5623,1,"SIM_20250901_164803"
942,0.254,0.76,0.061,0,"SIM_20250901_164803"
943,0.7912,0.3501,0.5142,1,"SIM_20250901_164803"
944,0.3127,0.7071,0.0916,0,"SIM_20250901_164803"
945,0.5162,0.4962,0.2601,0,"SIM_20250901_164803"
946,0.6351,0.3639,0.404,0,"SIM_20250901_164803"
947,0.6869,0.577,0.2905,0,"SIM_20250901_164803"
948,0.6685,0.6114,0.2598,0,"SIM_20250901_164803"
949,0.642,0.3441,0.421,0,"SIM_20250901_164803"
950,0.3971,0.6401,0.1429,0,"SIM_20250901_164803"
951,0.5632,0.4105,0.332,0,"SIM_20250901_164803"
952,0.8242,0.4474,0.4555,0,"SIM_20250901_164803"
953,0.5657,0.5783,0.2386,0,"SIM_20250901_164803"
954,0.4738,0.4752,0.2487,0,"SIM_20250901_164803"
955,0.3719,0.6622,0.1256,0,"SIM_20250901_164803"
956,0.428,0.6367,0.1555,0,"SIM_20250901_164803"
957,0.7372,0.3062,0.5114,1,"SIM_20250901_164803"
958,0.2818,0.733,0.0753,0,"SIM_20250901_164803"
959,0.6616,0.4098,0.3904,0,"SIM_20250901_164803"
960,0.5237,0.6155,0.2014,0,"SIM_20250901_164803"
961,0.4378,0.6081,0.1716,0,"SIM_20250901_164803"
962,0.234,0.7704,0.0537,0,"SIM_20250901_164803"
963,0.5794,0.4447,0.3218,0,"SIM_20250901_164803"
964,0.5764,0.5812,0.2414,0,"SIM_20250901_164803"
965,0.4875,0.7037,0.1445,0,"SIM_20250901_164803"
966,0.324,0.7425,0.0834,0,"SIM_20250901_164803"
967,0.631,0.3349,0.4196,0,"SIM_20250901_164803"
968,0.583,0.5738,0.2485,0,"SIM_20250901_164803"
969,0.6889,0.364,0.4381,0,"SIM_20250901_164803"
970,0.7789,0.3891,0.4758,0,"SIM_20250901_164803"
971,0.3723,0.6725,0.1219,0,"SIM_20250901_164803"
972,0.7879,0.3361,0.5231,1,"SIM_20250901_164803"
973,0.5479,0.482,0.2838,0,"SIM_20250901_164803"
974,0.5085,0.6223,0.192,0,"SIM_20250901_164803"
975,0.3109,0.7096,0.0903,0,"SIM_20250901_164803"
976,0.4844,0.673,0.1584,0,"SIM_20250901_164803"
977,0.5527,0.4989,0.277,0,"SIM_20250901_164803"
978,0.6497,0.3408,0.4282,0,"SIM_20250901_164803"
979,0.3096,0.7093,0.09,0,"SIM_20250901_164803"
980,0.5628,0.3341,0.3748,0,"SIM_20250901_164803"
981,0.6122,0.3675,0.3872,0,"SIM_20250901_164803"
982,0.5762,0.3666,0.365,0,"SIM_20250901_164803"
983,0.5406,0.6625,0.1825,0,"SIM_20250901_164803"
984,0.8824,0.2098,0.6972,1,"SIM_20250901_164803"
985,0.5259,0.4759,0.2757,0,"SIM_20250901_164803"
986,0.2545,0.7214,0.0709,0,"SIM_20250901_164803"
987,0.7209,0.5437,0.3289,0,"SIM_20250901_164803"
988,0.6374,0.3259,0.4297,0,"SIM_20250901_164803"
989,0.2954,0.611,0.1149,0,"SIM_20250901_164803"
990,0.5606,0.6111,0.218,0,"SIM_20250901_164803"
991,0.4655,0.6624,0.1571,0,"SIM_20250901_164803"
992,0.288,0.7335,0.0767,0,"SIM_20250901_164803"
993,0.6768,0.4351,0.3823,0,"SIM_20250901_164803"
994,0.4815,0.5134,0.2343,0,"SIM_20250901_164803"
995,0.6247,0.5,0.3124,0,"SIM_20250901_164803"
996,0.6367,0.5221,0.3043,0,"SIM_20250901_164803"
997,0.5479,0.4218,0.3168,0,"SIM_20250901_164803"
998,0.4954,0.5835,0.2063,0,"SIM_20250901_164803"
999,0.5354,0.4979,0.2689,0,"SIM_20250901_164803"
1000,0.3443,0.7357,0.091,0,"SIM_20250901_164803"
