"id_sim","id_cliente","cluster_id"
"SIM_20250901_145025",1,1
"SIM_20250901_145025",2,3
"SIM_20250901_145025",3,1
"SIM_20250901_145025",4,1
"SIM_20250901_145025",5,3
"SIM_20250901_145025",6,3
"SIM_20250901_145025",7,1
"SIM_20250901_145025",8,1
"SIM_20250901_145025",9,1
"SIM_20250901_145025",10,3
"SIM_20250901_145025",11,1
"SIM_20250901_145025",12,2
"SIM_20250901_145025",13,2
"SIM_20250901_145025",14,2
"SIM_20250901_145025",15,3
"SIM_20250901_145025",16,2
"SIM_20250901_145025",17,1
"SIM_20250901_145025",18,2
"SIM_20250901_145025",19,3
"SIM_20250901_145025",20,2
"SIM_20250901_145025",21,1
"SIM_20250901_145025",22,3
"SIM_20250901_145025",23,1
"SIM_20250901_145025",24,1
"SIM_20250901_145025",25,3
"SIM_20250901_145025",26,2
"SIM_20250901_145025",27,1
"SIM_20250901_145025",28,2
"SIM_20250901_145025",29,2
"SIM_20250901_145025",30,2
"SIM_20250901_145025",31,2
"SIM_20250901_145025",32,2
"SIM_20250901_145025",33,2
"SIM_20250901_145025",34,2
"SIM_20250901_145025",35,3
"SIM_20250901_145025",36,2
"SIM_20250901_145025",37,3
"SIM_20250901_145025",38,1
"SIM_20250901_145025",39,1
"SIM_20250901_145025",40,1
"SIM_20250901_145025",41,2
"SIM_20250901_145025",42,1
"SIM_20250901_145025",43,1
"SIM_20250901_145025",44,2
"SIM_20250901_145025",45,3
"SIM_20250901_145025",46,2
"SIM_20250901_145025",47,1
"SIM_20250901_145025",48,1
"SIM_20250901_145025",49,1
"SIM_20250901_145025",50,1
"SIM_20250901_145025",51,1
"SIM_20250901_145025",52,2
"SIM_20250901_145025",53,1
"SIM_20250901_145025",54,2
"SIM_20250901_145025",55,2
"SIM_20250901_145025",56,2
"SIM_20250901_145025",57,2
"SIM_20250901_145025",58,1
"SIM_20250901_145025",59,2
"SIM_20250901_145025",60,3
"SIM_20250901_145025",61,1
"SIM_20250901_145025",62,3
"SIM_20250901_145025",63,2
"SIM_20250901_145025",64,2
"SIM_20250901_145025",65,1
"SIM_20250901_145025",66,3
"SIM_20250901_145025",67,2
"SIM_20250901_145025",68,2
"SIM_20250901_145025",69,2
"SIM_20250901_145025",70,1
"SIM_20250901_145025",71,2
"SIM_20250901_145025",72,1
"SIM_20250901_145025",73,3
"SIM_20250901_145025",74,2
"SIM_20250901_145025",75,1
"SIM_20250901_145025",76,2
"SIM_20250901_145025",77,2
"SIM_20250901_145025",78,1
"SIM_20250901_145025",79,2
"SIM_20250901_145025",80,2
"SIM_20250901_145025",81,1
"SIM_20250901_145025",82,2
"SIM_20250901_145025",83,1
"SIM_20250901_145025",84,2
"SIM_20250901_145025",85,2
"SIM_20250901_145025",86,2
"SIM_20250901_145025",87,2
"SIM_20250901_145025",88,2
"SIM_20250901_145025",89,2
"SIM_20250901_145025",90,2
"SIM_20250901_145025",91,1
"SIM_20250901_145025",92,3
"SIM_20250901_145025",93,2
"SIM_20250901_145025",94,3
"SIM_20250901_145025",95,1
"SIM_20250901_145025",96,2
"SIM_20250901_145025",97,1
"SIM_20250901_145025",98,2
"SIM_20250901_145025",99,3
"SIM_20250901_145025",100,3
"SIM_20250901_145025",101,1
"SIM_20250901_145025",102,3
"SIM_20250901_145025",103,1
"SIM_20250901_145025",104,1
"SIM_20250901_145025",105,2
"SIM_20250901_145025",106,2
"SIM_20250901_145025",107,2
"SIM_20250901_145025",108,2
"SIM_20250901_145025",109,1
"SIM_20250901_145025",110,1
"SIM_20250901_145025",111,1
"SIM_20250901_145025",112,1
"SIM_20250901_145025",113,2
"SIM_20250901_145025",114,1
"SIM_20250901_145025",115,1
"SIM_20250901_145025",116,3
"SIM_20250901_145025",117,1
"SIM_20250901_145025",118,2
"SIM_20250901_145025",119,2
"SIM_20250901_145025",120,1
"SIM_20250901_145025",121,2
"SIM_20250901_145025",122,2
"SIM_20250901_145025",123,1
"SIM_20250901_145025",124,2
"SIM_20250901_145025",125,3
"SIM_20250901_145025",126,3
"SIM_20250901_145025",127,1
"SIM_20250901_145025",128,1
"SIM_20250901_145025",129,1
"SIM_20250901_145025",130,3
"SIM_20250901_145025",131,2
"SIM_20250901_145025",132,1
"SIM_20250901_145025",133,1
"SIM_20250901_145025",134,1
"SIM_20250901_145025",135,2
"SIM_20250901_145025",136,1
"SIM_20250901_145025",137,1
"SIM_20250901_145025",138,2
"SIM_20250901_145025",139,2
"SIM_20250901_145025",140,3
"SIM_20250901_145025",141,3
"SIM_20250901_145025",142,3
"SIM_20250901_145025",143,3
"SIM_20250901_145025",144,3
"SIM_20250901_145025",145,1
"SIM_20250901_145025",146,2
"SIM_20250901_145025",147,3
"SIM_20250901_145025",148,1
"SIM_20250901_145025",149,2
"SIM_20250901_145025",150,1
"SIM_20250901_145025",151,1
"SIM_20250901_145025",152,1
"SIM_20250901_145025",153,2
"SIM_20250901_145025",154,1
"SIM_20250901_145025",155,2
"SIM_20250901_145025",156,1
"SIM_20250901_145025",157,2
"SIM_20250901_145025",158,2
"SIM_20250901_145025",159,2
"SIM_20250901_145025",160,3
"SIM_20250901_145025",161,3
"SIM_20250901_145025",162,2
"SIM_20250901_145025",163,1
"SIM_20250901_145025",164,1
"SIM_20250901_145025",165,1
"SIM_20250901_145025",166,1
"SIM_20250901_145025",167,1
"SIM_20250901_145025",168,1
"SIM_20250901_145025",169,2
"SIM_20250901_145025",170,2
"SIM_20250901_145025",171,1
"SIM_20250901_145025",172,1
"SIM_20250901_145025",173,2
"SIM_20250901_145025",174,1
"SIM_20250901_145025",175,3
"SIM_20250901_145025",176,3
"SIM_20250901_145025",177,2
"SIM_20250901_145025",178,2
"SIM_20250901_145025",179,1
"SIM_20250901_145025",180,3
"SIM_20250901_145025",181,3
"SIM_20250901_145025",182,1
"SIM_20250901_145025",183,1
"SIM_20250901_145025",184,2
"SIM_20250901_145025",185,1
"SIM_20250901_145025",186,2
"SIM_20250901_145025",187,2
"SIM_20250901_145025",188,3
"SIM_20250901_145025",189,3
"SIM_20250901_145025",190,3
"SIM_20250901_145025",191,2
"SIM_20250901_145025",192,1
"SIM_20250901_145025",193,2
"SIM_20250901_145025",194,1
"SIM_20250901_145025",195,2
"SIM_20250901_145025",196,2
"SIM_20250901_145025",197,2
"SIM_20250901_145025",198,1
"SIM_20250901_145025",199,3
"SIM_20250901_145025",200,1
"SIM_20250901_145025",201,1
"SIM_20250901_145025",202,1
"SIM_20250901_145025",203,2
"SIM_20250901_145025",204,2
"SIM_20250901_145025",205,1
"SIM_20250901_145025",206,2
"SIM_20250901_145025",207,1
"SIM_20250901_145025",208,2
"SIM_20250901_145025",209,2
"SIM_20250901_145025",210,1
"SIM_20250901_145025",211,2
"SIM_20250901_145025",212,1
"SIM_20250901_145025",213,1
"SIM_20250901_145025",214,2
"SIM_20250901_145025",215,3
"SIM_20250901_145025",216,3
"SIM_20250901_145025",217,2
"SIM_20250901_145025",218,3
"SIM_20250901_145025",219,1
"SIM_20250901_145025",220,1
"SIM_20250901_145025",221,1
"SIM_20250901_145025",222,1
"SIM_20250901_145025",223,1
"SIM_20250901_145025",224,2
"SIM_20250901_145025",225,2
"SIM_20250901_145025",226,2
"SIM_20250901_145025",227,1
"SIM_20250901_145025",228,1
"SIM_20250901_145025",229,2
"SIM_20250901_145025",230,1
"SIM_20250901_145025",231,3
"SIM_20250901_145025",232,1
"SIM_20250901_145025",233,1
"SIM_20250901_145025",234,1
"SIM_20250901_145025",235,2
"SIM_20250901_145025",236,3
"SIM_20250901_145025",237,2
"SIM_20250901_145025",238,1
"SIM_20250901_145025",239,2
"SIM_20250901_145025",240,1
"SIM_20250901_145025",241,1
"SIM_20250901_145025",242,1
"SIM_20250901_145025",243,3
"SIM_20250901_145025",244,3
"SIM_20250901_145025",245,3
"SIM_20250901_145025",246,1
"SIM_20250901_145025",247,2
"SIM_20250901_145025",248,1
"SIM_20250901_145025",249,1
"SIM_20250901_145025",250,3
"SIM_20250901_145025",251,1
"SIM_20250901_145025",252,2
"SIM_20250901_145025",253,2
"SIM_20250901_145025",254,1
"SIM_20250901_145025",255,1
"SIM_20250901_145025",256,1
"SIM_20250901_145025",257,3
"SIM_20250901_145025",258,1
"SIM_20250901_145025",259,2
"SIM_20250901_145025",260,3
"SIM_20250901_145025",261,2
"SIM_20250901_145025",262,2
"SIM_20250901_145025",263,1
"SIM_20250901_145025",264,1
"SIM_20250901_145025",265,2
"SIM_20250901_145025",266,3
"SIM_20250901_145025",267,1
"SIM_20250901_145025",268,1
"SIM_20250901_145025",269,3
"SIM_20250901_145025",270,1
"SIM_20250901_145025",271,3
"SIM_20250901_145025",272,1
"SIM_20250901_145025",273,3
"SIM_20250901_145025",274,1
"SIM_20250901_145025",275,2
"SIM_20250901_145025",276,2
"SIM_20250901_145025",277,2
"SIM_20250901_145025",278,3
"SIM_20250901_145025",279,1
"SIM_20250901_145025",280,2
"SIM_20250901_145025",281,3
"SIM_20250901_145025",282,1
"SIM_20250901_145025",283,3
"SIM_20250901_145025",284,2
"SIM_20250901_145025",285,1
"SIM_20250901_145025",286,2
"SIM_20250901_145025",287,1
"SIM_20250901_145025",288,1
"SIM_20250901_145025",289,2
"SIM_20250901_145025",290,2
"SIM_20250901_145025",291,1
"SIM_20250901_145025",292,1
"SIM_20250901_145025",293,1
"SIM_20250901_145025",294,2
"SIM_20250901_145025",295,2
"SIM_20250901_145025",296,1
"SIM_20250901_145025",297,1
"SIM_20250901_145025",298,1
"SIM_20250901_145025",299,1
"SIM_20250901_145025",300,2
"SIM_20250901_145025",301,2
"SIM_20250901_145025",302,3
"SIM_20250901_145025",303,2
"SIM_20250901_145025",304,3
"SIM_20250901_145025",305,1
"SIM_20250901_145025",306,3
"SIM_20250901_145025",307,1
"SIM_20250901_145025",308,2
"SIM_20250901_145025",309,1
"SIM_20250901_145025",310,2
"SIM_20250901_145025",311,1
"SIM_20250901_145025",312,2
"SIM_20250901_145025",313,3
"SIM_20250901_145025",314,2
"SIM_20250901_145025",315,2
"SIM_20250901_145025",316,1
"SIM_20250901_145025",317,1
"SIM_20250901_145025",318,1
"SIM_20250901_145025",319,2
"SIM_20250901_145025",320,1
"SIM_20250901_145025",321,1
"SIM_20250901_145025",322,1
"SIM_20250901_145025",323,2
"SIM_20250901_145025",324,2
"SIM_20250901_145025",325,1
"SIM_20250901_145025",326,2
"SIM_20250901_145025",327,2
"SIM_20250901_145025",328,2
"SIM_20250901_145025",329,1
"SIM_20250901_145025",330,1
"SIM_20250901_145025",331,2
"SIM_20250901_145025",332,2
"SIM_20250901_145025",333,3
"SIM_20250901_145025",334,2
"SIM_20250901_145025",335,2
"SIM_20250901_145025",336,2
"SIM_20250901_145025",337,3
"SIM_20250901_145025",338,2
"SIM_20250901_145025",339,2
"SIM_20250901_145025",340,2
"SIM_20250901_145025",341,2
"SIM_20250901_145025",342,3
"SIM_20250901_145025",343,2
"SIM_20250901_145025",344,2
"SIM_20250901_145025",345,2
"SIM_20250901_145025",346,1
"SIM_20250901_145025",347,1
"SIM_20250901_145025",348,3
"SIM_20250901_145025",349,3
"SIM_20250901_145025",350,3
"SIM_20250901_145025",351,1
"SIM_20250901_145025",352,2
"SIM_20250901_145025",353,3
"SIM_20250901_145025",354,3
"SIM_20250901_145025",355,2
"SIM_20250901_145025",356,1
"SIM_20250901_145025",357,2
"SIM_20250901_145025",358,2
"SIM_20250901_145025",359,1
"SIM_20250901_145025",360,1
"SIM_20250901_145025",361,3
"SIM_20250901_145025",362,1
"SIM_20250901_145025",363,3
"SIM_20250901_145025",364,1
"SIM_20250901_145025",365,1
"SIM_20250901_145025",366,1
"SIM_20250901_145025",367,1
"SIM_20250901_145025",368,2
"SIM_20250901_145025",369,2
"SIM_20250901_145025",370,1
"SIM_20250901_145025",371,1
"SIM_20250901_145025",372,2
"SIM_20250901_145025",373,2
"SIM_20250901_145025",374,2
"SIM_20250901_145025",375,1
"SIM_20250901_145025",376,1
"SIM_20250901_145025",377,2
"SIM_20250901_145025",378,1
"SIM_20250901_145025",379,2
"SIM_20250901_145025",380,2
"SIM_20250901_145025",381,2
"SIM_20250901_145025",382,1
"SIM_20250901_145025",383,2
"SIM_20250901_145025",384,1
"SIM_20250901_145025",385,2
"SIM_20250901_145025",386,3
"SIM_20250901_145025",387,2
"SIM_20250901_145025",388,2
"SIM_20250901_145025",389,1
"SIM_20250901_145025",390,1
"SIM_20250901_145025",391,1
"SIM_20250901_145025",392,3
"SIM_20250901_145025",393,1
"SIM_20250901_145025",394,3
"SIM_20250901_145025",395,2
"SIM_20250901_145025",396,2
"SIM_20250901_145025",397,2
"SIM_20250901_145025",398,3
"SIM_20250901_145025",399,1
"SIM_20250901_145025",400,3
"SIM_20250901_145025",401,1
"SIM_20250901_145025",402,2
"SIM_20250901_145025",403,2
"SIM_20250901_145025",404,3
"SIM_20250901_145025",405,1
"SIM_20250901_145025",406,3
"SIM_20250901_145025",407,2
"SIM_20250901_145025",408,3
"SIM_20250901_145025",409,1
"SIM_20250901_145025",410,1
"SIM_20250901_145025",411,3
"SIM_20250901_145025",412,1
"SIM_20250901_145025",413,2
"SIM_20250901_145025",414,3
"SIM_20250901_145025",415,1
"SIM_20250901_145025",416,2
"SIM_20250901_145025",417,3
"SIM_20250901_145025",418,3
"SIM_20250901_145025",419,1
"SIM_20250901_145025",420,1
"SIM_20250901_145025",421,2
"SIM_20250901_145025",422,2
"SIM_20250901_145025",423,3
"SIM_20250901_145025",424,2
"SIM_20250901_145025",425,2
"SIM_20250901_145025",426,1
"SIM_20250901_145025",427,2
"SIM_20250901_145025",428,1
"SIM_20250901_145025",429,2
"SIM_20250901_145025",430,2
"SIM_20250901_145025",431,1
"SIM_20250901_145025",432,1
"SIM_20250901_145025",433,2
"SIM_20250901_145025",434,1
"SIM_20250901_145025",435,2
"SIM_20250901_145025",436,2
"SIM_20250901_145025",437,2
"SIM_20250901_145025",438,1
"SIM_20250901_145025",439,1
"SIM_20250901_145025",440,2
"SIM_20250901_145025",441,3
"SIM_20250901_145025",442,2
"SIM_20250901_145025",443,2
"SIM_20250901_145025",444,2
"SIM_20250901_145025",445,2
"SIM_20250901_145025",446,2
"SIM_20250901_145025",447,1
"SIM_20250901_145025",448,1
"SIM_20250901_145025",449,1
"SIM_20250901_145025",450,1
"SIM_20250901_145025",451,2
"SIM_20250901_145025",452,2
"SIM_20250901_145025",453,3
"SIM_20250901_145025",454,1
"SIM_20250901_145025",455,2
"SIM_20250901_145025",456,2
"SIM_20250901_145025",457,2
"SIM_20250901_145025",458,1
"SIM_20250901_145025",459,1
"SIM_20250901_145025",460,2
"SIM_20250901_145025",461,1
"SIM_20250901_145025",462,2
"SIM_20250901_145025",463,2
"SIM_20250901_145025",464,3
"SIM_20250901_145025",465,2
"SIM_20250901_145025",466,1
"SIM_20250901_145025",467,3
"SIM_20250901_145025",468,1
"SIM_20250901_145025",469,1
"SIM_20250901_145025",470,1
"SIM_20250901_145025",471,2
"SIM_20250901_145025",472,2
"SIM_20250901_145025",473,1
"SIM_20250901_145025",474,1
"SIM_20250901_145025",475,2
"SIM_20250901_145025",476,1
"SIM_20250901_145025",477,1
"SIM_20250901_145025",478,1
"SIM_20250901_145025",479,2
"SIM_20250901_145025",480,1
"SIM_20250901_145025",481,2
"SIM_20250901_145025",482,1
"SIM_20250901_145025",483,3
"SIM_20250901_145025",484,1
"SIM_20250901_145025",485,3
"SIM_20250901_145025",486,2
"SIM_20250901_145025",487,1
"SIM_20250901_145025",488,1
"SIM_20250901_145025",489,3
"SIM_20250901_145025",490,2
"SIM_20250901_145025",491,1
"SIM_20250901_145025",492,1
"SIM_20250901_145025",493,1
"SIM_20250901_145025",494,3
"SIM_20250901_145025",495,1
"SIM_20250901_145025",496,2
"SIM_20250901_145025",497,3
"SIM_20250901_145025",498,1
"SIM_20250901_145025",499,2
"SIM_20250901_145025",500,3
"SIM_20250901_145025",501,1
"SIM_20250901_145025",502,3
"SIM_20250901_145025",503,2
"SIM_20250901_145025",504,3
"SIM_20250901_145025",505,2
"SIM_20250901_145025",506,3
"SIM_20250901_145025",507,3
"SIM_20250901_145025",508,1
"SIM_20250901_145025",509,3
"SIM_20250901_145025",510,2
"SIM_20250901_145025",511,3
"SIM_20250901_145025",512,1
"SIM_20250901_145025",513,2
"SIM_20250901_145025",514,2
"SIM_20250901_145025",515,1
"SIM_20250901_145025",516,2
"SIM_20250901_145025",517,2
"SIM_20250901_145025",518,3
"SIM_20250901_145025",519,3
"SIM_20250901_145025",520,2
"SIM_20250901_145025",521,1
"SIM_20250901_145025",522,2
"SIM_20250901_145025",523,2
"SIM_20250901_145025",524,1
"SIM_20250901_145025",525,1
"SIM_20250901_145025",526,1
"SIM_20250901_145025",527,1
"SIM_20250901_145025",528,2
"SIM_20250901_145025",529,1
"SIM_20250901_145025",530,1
"SIM_20250901_145025",531,3
"SIM_20250901_145025",532,2
"SIM_20250901_145025",533,1
"SIM_20250901_145025",534,3
"SIM_20250901_145025",535,2
"SIM_20250901_145025",536,1
"SIM_20250901_145025",537,3
"SIM_20250901_145025",538,2
"SIM_20250901_145025",539,2
"SIM_20250901_145025",540,1
"SIM_20250901_145025",541,2
"SIM_20250901_145025",542,3
"SIM_20250901_145025",543,1
"SIM_20250901_145025",544,2
"SIM_20250901_145025",545,2
"SIM_20250901_145025",546,2
"SIM_20250901_145025",547,3
"SIM_20250901_145025",548,1
"SIM_20250901_145025",549,1
"SIM_20250901_145025",550,3
"SIM_20250901_145025",551,3
"SIM_20250901_145025",552,1
"SIM_20250901_145025",553,1
"SIM_20250901_145025",554,2
"SIM_20250901_145025",555,2
"SIM_20250901_145025",556,2
"SIM_20250901_145025",557,3
"SIM_20250901_145025",558,2
"SIM_20250901_145025",559,2
"SIM_20250901_145025",560,1
"SIM_20250901_145025",561,1
"SIM_20250901_145025",562,2
"SIM_20250901_145025",563,2
"SIM_20250901_145025",564,1
"SIM_20250901_145025",565,2
"SIM_20250901_145025",566,1
"SIM_20250901_145025",567,1
"SIM_20250901_145025",568,3
"SIM_20250901_145025",569,3
"SIM_20250901_145025",570,2
"SIM_20250901_145025",571,2
"SIM_20250901_145025",572,1
"SIM_20250901_145025",573,1
"SIM_20250901_145025",574,1
"SIM_20250901_145025",575,3
"SIM_20250901_145025",576,2
"SIM_20250901_145025",577,2
"SIM_20250901_145025",578,2
"SIM_20250901_145025",579,1
"SIM_20250901_145025",580,2
"SIM_20250901_145025",581,2
"SIM_20250901_145025",582,2
"SIM_20250901_145025",583,2
"SIM_20250901_145025",584,1
"SIM_20250901_145025",585,2
"SIM_20250901_145025",586,3
"SIM_20250901_145025",587,1
"SIM_20250901_145025",588,1
"SIM_20250901_145025",589,2
"SIM_20250901_145025",590,3
"SIM_20250901_145025",591,1
"SIM_20250901_145025",592,1
"SIM_20250901_145025",593,2
"SIM_20250901_145025",594,1
"SIM_20250901_145025",595,1
"SIM_20250901_145025",596,2
"SIM_20250901_145025",597,2
"SIM_20250901_145025",598,1
"SIM_20250901_145025",599,3
"SIM_20250901_145025",600,1
"SIM_20250901_145025",601,1
"SIM_20250901_145025",602,2
"SIM_20250901_145025",603,1
"SIM_20250901_145025",604,1
"SIM_20250901_145025",605,1
"SIM_20250901_145025",606,1
"SIM_20250901_145025",607,3
"SIM_20250901_145025",608,2
"SIM_20250901_145025",609,2
"SIM_20250901_145025",610,2
"SIM_20250901_145025",611,2
"SIM_20250901_145025",612,1
"SIM_20250901_145025",613,3
"SIM_20250901_145025",614,2
"SIM_20250901_145025",615,2
"SIM_20250901_145025",616,2
"SIM_20250901_145025",617,2
"SIM_20250901_145025",618,1
"SIM_20250901_145025",619,2
"SIM_20250901_145025",620,1
"SIM_20250901_145025",621,2
"SIM_20250901_145025",622,2
"SIM_20250901_145025",623,2
"SIM_20250901_145025",624,3
"SIM_20250901_145025",625,2
"SIM_20250901_145025",626,1
"SIM_20250901_145025",627,3
"SIM_20250901_145025",628,1
"SIM_20250901_145025",629,2
"SIM_20250901_145025",630,3
"SIM_20250901_145025",631,3
"SIM_20250901_145025",632,1
"SIM_20250901_145025",633,2
"SIM_20250901_145025",634,2
"SIM_20250901_145025",635,2
"SIM_20250901_145025",636,1
"SIM_20250901_145025",637,3
"SIM_20250901_145025",638,3
"SIM_20250901_145025",639,1
"SIM_20250901_145025",640,1
"SIM_20250901_145025",641,2
"SIM_20250901_145025",642,2
"SIM_20250901_145025",643,2
"SIM_20250901_145025",644,3
"SIM_20250901_145025",645,1
"SIM_20250901_145025",646,2
"SIM_20250901_145025",647,2
"SIM_20250901_145025",648,2
"SIM_20250901_145025",649,1
"SIM_20250901_145025",650,2
"SIM_20250901_145025",651,2
"SIM_20250901_145025",652,1
"SIM_20250901_145025",653,2
"SIM_20250901_145025",654,1
"SIM_20250901_145025",655,2
"SIM_20250901_145025",656,3
"SIM_20250901_145025",657,3
"SIM_20250901_145025",658,1
"SIM_20250901_145025",659,1
"SIM_20250901_145025",660,2
"SIM_20250901_145025",661,1
"SIM_20250901_145025",662,1
"SIM_20250901_145025",663,1
"SIM_20250901_145025",664,2
"SIM_20250901_145025",665,3
"SIM_20250901_145025",666,2
"SIM_20250901_145025",667,3
"SIM_20250901_145025",668,2
"SIM_20250901_145025",669,2
"SIM_20250901_145025",670,2
"SIM_20250901_145025",671,3
"SIM_20250901_145025",672,1
"SIM_20250901_145025",673,3
"SIM_20250901_145025",674,2
"SIM_20250901_145025",675,3
"SIM_20250901_145025",676,1
"SIM_20250901_145025",677,2
"SIM_20250901_145025",678,2
"SIM_20250901_145025",679,1
"SIM_20250901_145025",680,1
"SIM_20250901_145025",681,1
"SIM_20250901_145025",682,2
"SIM_20250901_145025",683,2
"SIM_20250901_145025",684,3
"SIM_20250901_145025",685,1
"SIM_20250901_145025",686,1
"SIM_20250901_145025",687,1
"SIM_20250901_145025",688,3
"SIM_20250901_145025",689,2
"SIM_20250901_145025",690,1
"SIM_20250901_145025",691,3
"SIM_20250901_145025",692,1
"SIM_20250901_145025",693,1
"SIM_20250901_145025",694,1
"SIM_20250901_145025",695,2
"SIM_20250901_145025",696,1
"SIM_20250901_145025",697,3
"SIM_20250901_145025",698,1
"SIM_20250901_145025",699,2
"SIM_20250901_145025",700,2
"SIM_20250901_145025",701,2
"SIM_20250901_145025",702,3
"SIM_20250901_145025",703,3
"SIM_20250901_145025",704,2
"SIM_20250901_145025",705,1
"SIM_20250901_145025",706,2
"SIM_20250901_145025",707,2
"SIM_20250901_145025",708,1
"SIM_20250901_145025",709,1
"SIM_20250901_145025",710,2
"SIM_20250901_145025",711,2
"SIM_20250901_145025",712,1
"SIM_20250901_145025",713,3
"SIM_20250901_145025",714,1
"SIM_20250901_145025",715,2
"SIM_20250901_145025",716,1
"SIM_20250901_145025",717,1
"SIM_20250901_145025",718,2
"SIM_20250901_145025",719,1
"SIM_20250901_145025",720,3
"SIM_20250901_145025",721,1
"SIM_20250901_145025",722,2
"SIM_20250901_145025",723,2
"SIM_20250901_145025",724,1
"SIM_20250901_145025",725,3
"SIM_20250901_145025",726,3
"SIM_20250901_145025",727,1
"SIM_20250901_145025",728,2
"SIM_20250901_145025",729,1
"SIM_20250901_145025",730,3
"SIM_20250901_145025",731,2
"SIM_20250901_145025",732,1
"SIM_20250901_145025",733,1
"SIM_20250901_145025",734,1
"SIM_20250901_145025",735,1
"SIM_20250901_145025",736,2
"SIM_20250901_145025",737,1
"SIM_20250901_145025",738,1
"SIM_20250901_145025",739,1
"SIM_20250901_145025",740,2
"SIM_20250901_145025",741,1
"SIM_20250901_145025",742,1
"SIM_20250901_145025",743,2
"SIM_20250901_145025",744,2
"SIM_20250901_145025",745,3
"SIM_20250901_145025",746,1
"SIM_20250901_145025",747,2
"SIM_20250901_145025",748,2
"SIM_20250901_145025",749,1
"SIM_20250901_145025",750,1
"SIM_20250901_145025",751,2
"SIM_20250901_145025",752,2
"SIM_20250901_145025",753,1
"SIM_20250901_145025",754,3
"SIM_20250901_145025",755,2
"SIM_20250901_145025",756,3
"SIM_20250901_145025",757,1
"SIM_20250901_145025",758,2
"SIM_20250901_145025",759,2
"SIM_20250901_145025",760,3
"SIM_20250901_145025",761,1
"SIM_20250901_145025",762,1
"SIM_20250901_145025",763,3
"SIM_20250901_145025",764,2
"SIM_20250901_145025",765,1
"SIM_20250901_145025",766,2
"SIM_20250901_145025",767,2
"SIM_20250901_145025",768,1
"SIM_20250901_145025",769,2
"SIM_20250901_145025",770,3
"SIM_20250901_145025",771,2
"SIM_20250901_145025",772,3
"SIM_20250901_145025",773,1
"SIM_20250901_145025",774,3
"SIM_20250901_145025",775,1
"SIM_20250901_145025",776,2
"SIM_20250901_145025",777,3
"SIM_20250901_145025",778,1
"SIM_20250901_145025",779,2
"SIM_20250901_145025",780,2
"SIM_20250901_145025",781,1
"SIM_20250901_145025",782,2
"SIM_20250901_145025",783,1
"SIM_20250901_145025",784,2
"SIM_20250901_145025",785,2
"SIM_20250901_145025",786,2
"SIM_20250901_145025",787,1
"SIM_20250901_145025",788,1
"SIM_20250901_145025",789,2
"SIM_20250901_145025",790,1
"SIM_20250901_145025",791,2
"SIM_20250901_145025",792,1
"SIM_20250901_145025",793,1
"SIM_20250901_145025",794,1
"SIM_20250901_145025",795,1
"SIM_20250901_145025",796,3
"SIM_20250901_145025",797,1
"SIM_20250901_145025",798,3
"SIM_20250901_145025",799,2
"SIM_20250901_145025",800,3
"SIM_20250901_145025",801,1
"SIM_20250901_145025",802,1
"SIM_20250901_145025",803,3
"SIM_20250901_145025",804,1
"SIM_20250901_145025",805,2
"SIM_20250901_145025",806,2
"SIM_20250901_145025",807,2
"SIM_20250901_145025",808,1
"SIM_20250901_145025",809,2
"SIM_20250901_145025",810,2
"SIM_20250901_145025",811,1
"SIM_20250901_145025",812,2
"SIM_20250901_145025",813,1
"SIM_20250901_145025",814,2
"SIM_20250901_145025",815,3
"SIM_20250901_145025",816,1
"SIM_20250901_145025",817,1
"SIM_20250901_145025",818,2
"SIM_20250901_145025",819,2
"SIM_20250901_145025",820,1
"SIM_20250901_145025",821,2
"SIM_20250901_145025",822,1
"SIM_20250901_145025",823,1
"SIM_20250901_145025",824,2
"SIM_20250901_145025",825,1
"SIM_20250901_145025",826,2
"SIM_20250901_145025",827,1
"SIM_20250901_145025",828,2
"SIM_20250901_145025",829,1
"SIM_20250901_145025",830,3
"SIM_20250901_145025",831,2
"SIM_20250901_145025",832,3
"SIM_20250901_145025",833,3
"SIM_20250901_145025",834,1
"SIM_20250901_145025",835,2
"SIM_20250901_145025",836,1
"SIM_20250901_145025",837,3
"SIM_20250901_145025",838,3
"SIM_20250901_145025",839,2
"SIM_20250901_145025",840,2
"SIM_20250901_145025",841,2
"SIM_20250901_145025",842,1
"SIM_20250901_145025",843,2
"SIM_20250901_145025",844,2
"SIM_20250901_145025",845,3
"SIM_20250901_145025",846,2
"SIM_20250901_145025",847,1
"SIM_20250901_145025",848,1
"SIM_20250901_145025",849,3
"SIM_20250901_145025",850,3
"SIM_20250901_145025",851,3
"SIM_20250901_145025",852,2
"SIM_20250901_145025",853,2
"SIM_20250901_145025",854,1
"SIM_20250901_145025",855,2
"SIM_20250901_145025",856,3
"SIM_20250901_145025",857,3
"SIM_20250901_145025",858,1
"SIM_20250901_145025",859,3
"SIM_20250901_145025",860,2
"SIM_20250901_145025",861,1
"SIM_20250901_145025",862,1
"SIM_20250901_145025",863,1
"SIM_20250901_145025",864,3
"SIM_20250901_145025",865,3
"SIM_20250901_145025",866,1
"SIM_20250901_145025",867,2
"SIM_20250901_145025",868,2
"SIM_20250901_145025",869,1
"SIM_20250901_145025",870,1
"SIM_20250901_145025",871,2
"SIM_20250901_145025",872,2
"SIM_20250901_145025",873,2
"SIM_20250901_145025",874,2
"SIM_20250901_145025",875,2
"SIM_20250901_145025",876,3
"SIM_20250901_145025",877,3
"SIM_20250901_145025",878,1
"SIM_20250901_145025",879,1
"SIM_20250901_145025",880,3
"SIM_20250901_145025",881,3
"SIM_20250901_145025",882,3
"SIM_20250901_145025",883,2
"SIM_20250901_145025",884,2
"SIM_20250901_145025",885,2
"SIM_20250901_145025",886,2
"SIM_20250901_145025",887,3
"SIM_20250901_145025",888,1
"SIM_20250901_145025",889,2
"SIM_20250901_145025",890,1
"SIM_20250901_145025",891,1
"SIM_20250901_145025",892,2
"SIM_20250901_145025",893,3
"SIM_20250901_145025",894,1
"SIM_20250901_145025",895,3
"SIM_20250901_145025",896,1
"SIM_20250901_145025",897,1
"SIM_20250901_145025",898,1
"SIM_20250901_145025",899,2
"SIM_20250901_145025",900,1
"SIM_20250901_145025",901,1
"SIM_20250901_145025",902,3
"SIM_20250901_145025",903,2
"SIM_20250901_145025",904,1
"SIM_20250901_145025",905,3
"SIM_20250901_145025",906,1
"SIM_20250901_145025",907,2
"SIM_20250901_145025",908,3
"SIM_20250901_145025",909,2
"SIM_20250901_145025",910,3
"SIM_20250901_145025",911,3
"SIM_20250901_145025",912,2
"SIM_20250901_145025",913,1
"SIM_20250901_145025",914,2
"SIM_20250901_145025",915,1
"SIM_20250901_145025",916,1
"SIM_20250901_145025",917,1
"SIM_20250901_145025",918,1
"SIM_20250901_145025",919,1
"SIM_20250901_145025",920,1
"SIM_20250901_145025",921,1
"SIM_20250901_145025",922,3
"SIM_20250901_145025",923,3
"SIM_20250901_145025",924,1
"SIM_20250901_145025",925,1
"SIM_20250901_145025",926,2
"SIM_20250901_145025",927,1
"SIM_20250901_145025",928,3
"SIM_20250901_145025",929,2
"SIM_20250901_145025",930,2
"SIM_20250901_145025",931,1
"SIM_20250901_145025",932,3
"SIM_20250901_145025",933,1
"SIM_20250901_145025",934,3
"SIM_20250901_145025",935,3
"SIM_20250901_145025",936,3
"SIM_20250901_145025",937,1
"SIM_20250901_145025",938,3
"SIM_20250901_145025",939,3
"SIM_20250901_145025",940,3
"SIM_20250901_145025",941,2
"SIM_20250901_145025",942,1
"SIM_20250901_145025",943,3
"SIM_20250901_145025",944,1
"SIM_20250901_145025",945,1
"SIM_20250901_145025",946,2
"SIM_20250901_145025",947,1
"SIM_20250901_145025",948,1
"SIM_20250901_145025",949,3
"SIM_20250901_145025",950,1
"SIM_20250901_145025",951,3
"SIM_20250901_145025",952,1
"SIM_20250901_145025",953,1
"SIM_20250901_145025",954,3
"SIM_20250901_145025",955,1
"SIM_20250901_145025",956,1
"SIM_20250901_145025",957,2
"SIM_20250901_145025",958,1
"SIM_20250901_145025",959,3
"SIM_20250901_145025",960,1
"SIM_20250901_145025",961,1
"SIM_20250901_145025",962,1
"SIM_20250901_145025",963,2
"SIM_20250901_145025",964,2
"SIM_20250901_145025",965,1
"SIM_20250901_145025",966,1
"SIM_20250901_145025",967,3
"SIM_20250901_145025",968,1
"SIM_20250901_145025",969,1
"SIM_20250901_145025",970,1
"SIM_20250901_145025",971,3
"SIM_20250901_145025",972,3
"SIM_20250901_145025",973,3
"SIM_20250901_145025",974,1
"SIM_20250901_145025",975,1
"SIM_20250901_145025",976,1
"SIM_20250901_145025",977,2
"SIM_20250901_145025",978,3
"SIM_20250901_145025",979,2
"SIM_20250901_145025",980,2
"SIM_20250901_145025",981,2
"SIM_20250901_145025",982,3
"SIM_20250901_145025",983,2
"SIM_20250901_145025",984,3
"SIM_20250901_145025",985,2
"SIM_20250901_145025",986,1
"SIM_20250901_145025",987,1
"SIM_20250901_145025",988,2
"SIM_20250901_145025",989,1
"SIM_20250901_145025",990,1
"SIM_20250901_145025",991,1
"SIM_20250901_145025",992,1
"SIM_20250901_145025",993,2
"SIM_20250901_145025",994,1
"SIM_20250901_145025",995,1
"SIM_20250901_145025",996,3
"SIM_20250901_145025",997,2
"SIM_20250901_145025",998,1
"SIM_20250901_145025",999,1
"SIM_20250901_145025",1000,1
"SIM_20250901_145624",1,1
"SIM_20250901_145624",2,3
"SIM_20250901_145624",3,1
"SIM_20250901_145624",4,1
"SIM_20250901_145624",5,3
"SIM_20250901_145624",6,3
"SIM_20250901_145624",7,1
"SIM_20250901_145624",8,1
"SIM_20250901_145624",9,1
"SIM_20250901_145624",10,3
"SIM_20250901_145624",11,1
"SIM_20250901_145624",12,2
"SIM_20250901_145624",13,2
"SIM_20250901_145624",14,2
"SIM_20250901_145624",15,3
"SIM_20250901_145624",16,2
"SIM_20250901_145624",17,1
"SIM_20250901_145624",18,2
"SIM_20250901_145624",19,3
"SIM_20250901_145624",20,2
"SIM_20250901_145624",21,1
"SIM_20250901_145624",22,3
"SIM_20250901_145624",23,1
"SIM_20250901_145624",24,1
"SIM_20250901_145624",25,3
"SIM_20250901_145624",26,2
"SIM_20250901_145624",27,1
"SIM_20250901_145624",28,2
"SIM_20250901_145624",29,2
"SIM_20250901_145624",30,2
"SIM_20250901_145624",31,2
"SIM_20250901_145624",32,2
"SIM_20250901_145624",33,2
"SIM_20250901_145624",34,2
"SIM_20250901_145624",35,3
"SIM_20250901_145624",36,2
"SIM_20250901_145624",37,3
"SIM_20250901_145624",38,1
"SIM_20250901_145624",39,1
"SIM_20250901_145624",40,1
"SIM_20250901_145624",41,2
"SIM_20250901_145624",42,1
"SIM_20250901_145624",43,1
"SIM_20250901_145624",44,2
"SIM_20250901_145624",45,3
"SIM_20250901_145624",46,2
"SIM_20250901_145624",47,1
"SIM_20250901_145624",48,1
"SIM_20250901_145624",49,1
"SIM_20250901_145624",50,1
"SIM_20250901_145624",51,1
"SIM_20250901_145624",52,2
"SIM_20250901_145624",53,1
"SIM_20250901_145624",54,2
"SIM_20250901_145624",55,2
"SIM_20250901_145624",56,2
"SIM_20250901_145624",57,2
"SIM_20250901_145624",58,1
"SIM_20250901_145624",59,2
"SIM_20250901_145624",60,3
"SIM_20250901_145624",61,1
"SIM_20250901_145624",62,3
"SIM_20250901_145624",63,2
"SIM_20250901_145624",64,2
"SIM_20250901_145624",65,1
"SIM_20250901_145624",66,3
"SIM_20250901_145624",67,2
"SIM_20250901_145624",68,2
"SIM_20250901_145624",69,2
"SIM_20250901_145624",70,1
"SIM_20250901_145624",71,2
"SIM_20250901_145624",72,1
"SIM_20250901_145624",73,3
"SIM_20250901_145624",74,2
"SIM_20250901_145624",75,1
"SIM_20250901_145624",76,2
"SIM_20250901_145624",77,2
"SIM_20250901_145624",78,1
"SIM_20250901_145624",79,2
"SIM_20250901_145624",80,2
"SIM_20250901_145624",81,1
"SIM_20250901_145624",82,2
"SIM_20250901_145624",83,1
"SIM_20250901_145624",84,2
"SIM_20250901_145624",85,2
"SIM_20250901_145624",86,2
"SIM_20250901_145624",87,2
"SIM_20250901_145624",88,2
"SIM_20250901_145624",89,2
"SIM_20250901_145624",90,2
"SIM_20250901_145624",91,1
"SIM_20250901_145624",92,3
"SIM_20250901_145624",93,2
"SIM_20250901_145624",94,3
"SIM_20250901_145624",95,1
"SIM_20250901_145624",96,2
"SIM_20250901_145624",97,1
"SIM_20250901_145624",98,2
"SIM_20250901_145624",99,3
"SIM_20250901_145624",100,3
"SIM_20250901_145624",101,1
"SIM_20250901_145624",102,3
"SIM_20250901_145624",103,1
"SIM_20250901_145624",104,1
"SIM_20250901_145624",105,2
"SIM_20250901_145624",106,2
"SIM_20250901_145624",107,2
"SIM_20250901_145624",108,2
"SIM_20250901_145624",109,1
"SIM_20250901_145624",110,1
"SIM_20250901_145624",111,1
"SIM_20250901_145624",112,1
"SIM_20250901_145624",113,2
"SIM_20250901_145624",114,1
"SIM_20250901_145624",115,1
"SIM_20250901_145624",116,3
"SIM_20250901_145624",117,1
"SIM_20250901_145624",118,2
"SIM_20250901_145624",119,2
"SIM_20250901_145624",120,1
"SIM_20250901_145624",121,2
"SIM_20250901_145624",122,2
"SIM_20250901_145624",123,1
"SIM_20250901_145624",124,2
"SIM_20250901_145624",125,3
"SIM_20250901_145624",126,3
"SIM_20250901_145624",127,1
"SIM_20250901_145624",128,1
"SIM_20250901_145624",129,1
"SIM_20250901_145624",130,3
"SIM_20250901_145624",131,2
"SIM_20250901_145624",132,1
"SIM_20250901_145624",133,1
"SIM_20250901_145624",134,1
"SIM_20250901_145624",135,2
"SIM_20250901_145624",136,1
"SIM_20250901_145624",137,1
"SIM_20250901_145624",138,2
"SIM_20250901_145624",139,2
"SIM_20250901_145624",140,3
"SIM_20250901_145624",141,3
"SIM_20250901_145624",142,3
"SIM_20250901_145624",143,3
"SIM_20250901_145624",144,3
"SIM_20250901_145624",145,1
"SIM_20250901_145624",146,2
"SIM_20250901_145624",147,3
"SIM_20250901_145624",148,1
"SIM_20250901_145624",149,2
"SIM_20250901_145624",150,1
"SIM_20250901_145624",151,1
"SIM_20250901_145624",152,1
"SIM_20250901_145624",153,2
"SIM_20250901_145624",154,1
"SIM_20250901_145624",155,2
"SIM_20250901_145624",156,1
"SIM_20250901_145624",157,2
"SIM_20250901_145624",158,2
"SIM_20250901_145624",159,2
"SIM_20250901_145624",160,3
"SIM_20250901_145624",161,3
"SIM_20250901_145624",162,2
"SIM_20250901_145624",163,1
"SIM_20250901_145624",164,1
"SIM_20250901_145624",165,1
"SIM_20250901_145624",166,1
"SIM_20250901_145624",167,1
"SIM_20250901_145624",168,1
"SIM_20250901_145624",169,2
"SIM_20250901_145624",170,2
"SIM_20250901_145624",171,1
"SIM_20250901_145624",172,1
"SIM_20250901_145624",173,2
"SIM_20250901_145624",174,1
"SIM_20250901_145624",175,3
"SIM_20250901_145624",176,3
"SIM_20250901_145624",177,2
"SIM_20250901_145624",178,2
"SIM_20250901_145624",179,1
"SIM_20250901_145624",180,3
"SIM_20250901_145624",181,3
"SIM_20250901_145624",182,1
"SIM_20250901_145624",183,1
"SIM_20250901_145624",184,2
"SIM_20250901_145624",185,1
"SIM_20250901_145624",186,2
"SIM_20250901_145624",187,2
"SIM_20250901_145624",188,3
"SIM_20250901_145624",189,3
"SIM_20250901_145624",190,3
"SIM_20250901_145624",191,2
"SIM_20250901_145624",192,1
"SIM_20250901_145624",193,2
"SIM_20250901_145624",194,1
"SIM_20250901_145624",195,2
"SIM_20250901_145624",196,2
"SIM_20250901_145624",197,2
"SIM_20250901_145624",198,1
"SIM_20250901_145624",199,3
"SIM_20250901_145624",200,1
"SIM_20250901_145624",201,1
"SIM_20250901_145624",202,1
"SIM_20250901_145624",203,2
"SIM_20250901_145624",204,2
"SIM_20250901_145624",205,1
"SIM_20250901_145624",206,2
"SIM_20250901_145624",207,1
"SIM_20250901_145624",208,2
"SIM_20250901_145624",209,2
"SIM_20250901_145624",210,1
"SIM_20250901_145624",211,2
"SIM_20250901_145624",212,1
"SIM_20250901_145624",213,1
"SIM_20250901_145624",214,2
"SIM_20250901_145624",215,3
"SIM_20250901_145624",216,3
"SIM_20250901_145624",217,2
"SIM_20250901_145624",218,3
"SIM_20250901_145624",219,1
"SIM_20250901_145624",220,1
"SIM_20250901_145624",221,1
"SIM_20250901_145624",222,1
"SIM_20250901_145624",223,1
"SIM_20250901_145624",224,2
"SIM_20250901_145624",225,2
"SIM_20250901_145624",226,2
"SIM_20250901_145624",227,1
"SIM_20250901_145624",228,1
"SIM_20250901_145624",229,2
"SIM_20250901_145624",230,1
"SIM_20250901_145624",231,3
"SIM_20250901_145624",232,1
"SIM_20250901_145624",233,1
"SIM_20250901_145624",234,1
"SIM_20250901_145624",235,2
"SIM_20250901_145624",236,3
"SIM_20250901_145624",237,2
"SIM_20250901_145624",238,1
"SIM_20250901_145624",239,2
"SIM_20250901_145624",240,1
"SIM_20250901_145624",241,1
"SIM_20250901_145624",242,1
"SIM_20250901_145624",243,3
"SIM_20250901_145624",244,3
"SIM_20250901_145624",245,3
"SIM_20250901_145624",246,1
"SIM_20250901_145624",247,2
"SIM_20250901_145624",248,1
"SIM_20250901_145624",249,1
"SIM_20250901_145624",250,3
"SIM_20250901_145624",251,1
"SIM_20250901_145624",252,2
"SIM_20250901_145624",253,2
"SIM_20250901_145624",254,1
"SIM_20250901_145624",255,1
"SIM_20250901_145624",256,1
"SIM_20250901_145624",257,3
"SIM_20250901_145624",258,1
"SIM_20250901_145624",259,2
"SIM_20250901_145624",260,3
"SIM_20250901_145624",261,2
"SIM_20250901_145624",262,2
"SIM_20250901_145624",263,1
"SIM_20250901_145624",264,1
"SIM_20250901_145624",265,2
"SIM_20250901_145624",266,3
"SIM_20250901_145624",267,1
"SIM_20250901_145624",268,1
"SIM_20250901_145624",269,3
"SIM_20250901_145624",270,1
"SIM_20250901_145624",271,3
"SIM_20250901_145624",272,1
"SIM_20250901_145624",273,3
"SIM_20250901_145624",274,1
"SIM_20250901_145624",275,2
"SIM_20250901_145624",276,2
"SIM_20250901_145624",277,2
"SIM_20250901_145624",278,3
"SIM_20250901_145624",279,1
"SIM_20250901_145624",280,2
"SIM_20250901_145624",281,3
"SIM_20250901_145624",282,1
"SIM_20250901_145624",283,3
"SIM_20250901_145624",284,2
"SIM_20250901_145624",285,1
"SIM_20250901_145624",286,2
"SIM_20250901_145624",287,1
"SIM_20250901_145624",288,1
"SIM_20250901_145624",289,2
"SIM_20250901_145624",290,2
"SIM_20250901_145624",291,1
"SIM_20250901_145624",292,1
"SIM_20250901_145624",293,1
"SIM_20250901_145624",294,2
"SIM_20250901_145624",295,2
"SIM_20250901_145624",296,1
"SIM_20250901_145624",297,1
"SIM_20250901_145624",298,1
"SIM_20250901_145624",299,1
"SIM_20250901_145624",300,2
"SIM_20250901_145624",301,2
"SIM_20250901_145624",302,3
"SIM_20250901_145624",303,2
"SIM_20250901_145624",304,3
"SIM_20250901_145624",305,1
"SIM_20250901_145624",306,3
"SIM_20250901_145624",307,1
"SIM_20250901_145624",308,2
"SIM_20250901_145624",309,1
"SIM_20250901_145624",310,2
"SIM_20250901_145624",311,1
"SIM_20250901_145624",312,2
"SIM_20250901_145624",313,3
"SIM_20250901_145624",314,2
"SIM_20250901_145624",315,2
"SIM_20250901_145624",316,1
"SIM_20250901_145624",317,1
"SIM_20250901_145624",318,1
"SIM_20250901_145624",319,2
"SIM_20250901_145624",320,1
"SIM_20250901_145624",321,1
"SIM_20250901_145624",322,1
"SIM_20250901_145624",323,2
"SIM_20250901_145624",324,2
"SIM_20250901_145624",325,1
"SIM_20250901_145624",326,2
"SIM_20250901_145624",327,2
"SIM_20250901_145624",328,2
"SIM_20250901_145624",329,1
"SIM_20250901_145624",330,1
"SIM_20250901_145624",331,2
"SIM_20250901_145624",332,2
"SIM_20250901_145624",333,3
"SIM_20250901_145624",334,2
"SIM_20250901_145624",335,2
"SIM_20250901_145624",336,2
"SIM_20250901_145624",337,3
"SIM_20250901_145624",338,2
"SIM_20250901_145624",339,2
"SIM_20250901_145624",340,2
"SIM_20250901_145624",341,2
"SIM_20250901_145624",342,3
"SIM_20250901_145624",343,2
"SIM_20250901_145624",344,2
"SIM_20250901_145624",345,2
"SIM_20250901_145624",346,1
"SIM_20250901_145624",347,1
"SIM_20250901_145624",348,3
"SIM_20250901_145624",349,3
"SIM_20250901_145624",350,3
"SIM_20250901_145624",351,1
"SIM_20250901_145624",352,2
"SIM_20250901_145624",353,3
"SIM_20250901_145624",354,3
"SIM_20250901_145624",355,2
"SIM_20250901_145624",356,1
"SIM_20250901_145624",357,2
"SIM_20250901_145624",358,2
"SIM_20250901_145624",359,1
"SIM_20250901_145624",360,1
"SIM_20250901_145624",361,3
"SIM_20250901_145624",362,1
"SIM_20250901_145624",363,3
"SIM_20250901_145624",364,1
"SIM_20250901_145624",365,1
"SIM_20250901_145624",366,1
"SIM_20250901_145624",367,1
"SIM_20250901_145624",368,2
"SIM_20250901_145624",369,2
"SIM_20250901_145624",370,1
"SIM_20250901_145624",371,1
"SIM_20250901_145624",372,2
"SIM_20250901_145624",373,2
"SIM_20250901_145624",374,2
"SIM_20250901_145624",375,1
"SIM_20250901_145624",376,1
"SIM_20250901_145624",377,2
"SIM_20250901_145624",378,1
"SIM_20250901_145624",379,2
"SIM_20250901_145624",380,2
"SIM_20250901_145624",381,2
"SIM_20250901_145624",382,1
"SIM_20250901_145624",383,2
"SIM_20250901_145624",384,1
"SIM_20250901_145624",385,2
"SIM_20250901_145624",386,3
"SIM_20250901_145624",387,2
"SIM_20250901_145624",388,2
"SIM_20250901_145624",389,1
"SIM_20250901_145624",390,1
"SIM_20250901_145624",391,1
"SIM_20250901_145624",392,3
"SIM_20250901_145624",393,1
"SIM_20250901_145624",394,3
"SIM_20250901_145624",395,2
"SIM_20250901_145624",396,2
"SIM_20250901_145624",397,2
"SIM_20250901_145624",398,3
"SIM_20250901_145624",399,1
"SIM_20250901_145624",400,3
"SIM_20250901_145624",401,1
"SIM_20250901_145624",402,2
"SIM_20250901_145624",403,2
"SIM_20250901_145624",404,3
"SIM_20250901_145624",405,1
"SIM_20250901_145624",406,3
"SIM_20250901_145624",407,2
"SIM_20250901_145624",408,3
"SIM_20250901_145624",409,1
"SIM_20250901_145624",410,1
"SIM_20250901_145624",411,3
"SIM_20250901_145624",412,1
"SIM_20250901_145624",413,2
"SIM_20250901_145624",414,3
"SIM_20250901_145624",415,1
"SIM_20250901_145624",416,2
"SIM_20250901_145624",417,3
"SIM_20250901_145624",418,3
"SIM_20250901_145624",419,1
"SIM_20250901_145624",420,1
"SIM_20250901_145624",421,2
"SIM_20250901_145624",422,2
"SIM_20250901_145624",423,3
"SIM_20250901_145624",424,2
"SIM_20250901_145624",425,2
"SIM_20250901_145624",426,1
"SIM_20250901_145624",427,2
"SIM_20250901_145624",428,1
"SIM_20250901_145624",429,2
"SIM_20250901_145624",430,2
"SIM_20250901_145624",431,1
"SIM_20250901_145624",432,1
"SIM_20250901_145624",433,2
"SIM_20250901_145624",434,1
"SIM_20250901_145624",435,2
"SIM_20250901_145624",436,2
"SIM_20250901_145624",437,2
"SIM_20250901_145624",438,1
"SIM_20250901_145624",439,1
"SIM_20250901_145624",440,2
"SIM_20250901_145624",441,3
"SIM_20250901_145624",442,2
"SIM_20250901_145624",443,2
"SIM_20250901_145624",444,2
"SIM_20250901_145624",445,2
"SIM_20250901_145624",446,2
"SIM_20250901_145624",447,1
"SIM_20250901_145624",448,1
"SIM_20250901_145624",449,1
"SIM_20250901_145624",450,1
"SIM_20250901_145624",451,2
"SIM_20250901_145624",452,2
"SIM_20250901_145624",453,3
"SIM_20250901_145624",454,1
"SIM_20250901_145624",455,2
"SIM_20250901_145624",456,2
"SIM_20250901_145624",457,2
"SIM_20250901_145624",458,1
"SIM_20250901_145624",459,1
"SIM_20250901_145624",460,2
"SIM_20250901_145624",461,1
"SIM_20250901_145624",462,2
"SIM_20250901_145624",463,2
"SIM_20250901_145624",464,3
"SIM_20250901_145624",465,2
"SIM_20250901_145624",466,1
"SIM_20250901_145624",467,3
"SIM_20250901_145624",468,1
"SIM_20250901_145624",469,1
"SIM_20250901_145624",470,1
"SIM_20250901_145624",471,2
"SIM_20250901_145624",472,2
"SIM_20250901_145624",473,1
"SIM_20250901_145624",474,1
"SIM_20250901_145624",475,2
"SIM_20250901_145624",476,1
"SIM_20250901_145624",477,1
"SIM_20250901_145624",478,1
"SIM_20250901_145624",479,2
"SIM_20250901_145624",480,1
"SIM_20250901_145624",481,2
"SIM_20250901_145624",482,1
"SIM_20250901_145624",483,3
"SIM_20250901_145624",484,1
"SIM_20250901_145624",485,3
"SIM_20250901_145624",486,2
"SIM_20250901_145624",487,1
"SIM_20250901_145624",488,1
"SIM_20250901_145624",489,3
"SIM_20250901_145624",490,2
"SIM_20250901_145624",491,1
"SIM_20250901_145624",492,1
"SIM_20250901_145624",493,1
"SIM_20250901_145624",494,3
"SIM_20250901_145624",495,1
"SIM_20250901_145624",496,2
"SIM_20250901_145624",497,3
"SIM_20250901_145624",498,1
"SIM_20250901_145624",499,2
"SIM_20250901_145624",500,3
"SIM_20250901_145624",501,1
"SIM_20250901_145624",502,3
"SIM_20250901_145624",503,2
"SIM_20250901_145624",504,3
"SIM_20250901_145624",505,2
"SIM_20250901_145624",506,3
"SIM_20250901_145624",507,3
"SIM_20250901_145624",508,1
"SIM_20250901_145624",509,3
"SIM_20250901_145624",510,2
"SIM_20250901_145624",511,3
"SIM_20250901_145624",512,1
"SIM_20250901_145624",513,2
"SIM_20250901_145624",514,2
"SIM_20250901_145624",515,1
"SIM_20250901_145624",516,2
"SIM_20250901_145624",517,2
"SIM_20250901_145624",518,3
"SIM_20250901_145624",519,3
"SIM_20250901_145624",520,2
"SIM_20250901_145624",521,1
"SIM_20250901_145624",522,2
"SIM_20250901_145624",523,2
"SIM_20250901_145624",524,1
"SIM_20250901_145624",525,1
"SIM_20250901_145624",526,1
"SIM_20250901_145624",527,1
"SIM_20250901_145624",528,2
"SIM_20250901_145624",529,1
"SIM_20250901_145624",530,1
"SIM_20250901_145624",531,3
"SIM_20250901_145624",532,2
"SIM_20250901_145624",533,1
"SIM_20250901_145624",534,3
"SIM_20250901_145624",535,2
"SIM_20250901_145624",536,1
"SIM_20250901_145624",537,3
"SIM_20250901_145624",538,2
"SIM_20250901_145624",539,2
"SIM_20250901_145624",540,1
"SIM_20250901_145624",541,2
"SIM_20250901_145624",542,3
"SIM_20250901_145624",543,1
"SIM_20250901_145624",544,2
"SIM_20250901_145624",545,2
"SIM_20250901_145624",546,2
"SIM_20250901_145624",547,3
"SIM_20250901_145624",548,1
"SIM_20250901_145624",549,1
"SIM_20250901_145624",550,3
"SIM_20250901_145624",551,3
"SIM_20250901_145624",552,1
"SIM_20250901_145624",553,1
"SIM_20250901_145624",554,2
"SIM_20250901_145624",555,2
"SIM_20250901_145624",556,2
"SIM_20250901_145624",557,3
"SIM_20250901_145624",558,2
"SIM_20250901_145624",559,2
"SIM_20250901_145624",560,1
"SIM_20250901_145624",561,1
"SIM_20250901_145624",562,2
"SIM_20250901_145624",563,2
"SIM_20250901_145624",564,1
"SIM_20250901_145624",565,2
"SIM_20250901_145624",566,1
"SIM_20250901_145624",567,1
"SIM_20250901_145624",568,3
"SIM_20250901_145624",569,3
"SIM_20250901_145624",570,2
"SIM_20250901_145624",571,2
"SIM_20250901_145624",572,1
"SIM_20250901_145624",573,1
"SIM_20250901_145624",574,1
"SIM_20250901_145624",575,3
"SIM_20250901_145624",576,2
"SIM_20250901_145624",577,2
"SIM_20250901_145624",578,2
"SIM_20250901_145624",579,1
"SIM_20250901_145624",580,2
"SIM_20250901_145624",581,2
"SIM_20250901_145624",582,2
"SIM_20250901_145624",583,2
"SIM_20250901_145624",584,1
"SIM_20250901_145624",585,2
"SIM_20250901_145624",586,3
"SIM_20250901_145624",587,1
"SIM_20250901_145624",588,1
"SIM_20250901_145624",589,2
"SIM_20250901_145624",590,3
"SIM_20250901_145624",591,1
"SIM_20250901_145624",592,1
"SIM_20250901_145624",593,2
"SIM_20250901_145624",594,1
"SIM_20250901_145624",595,1
"SIM_20250901_145624",596,2
"SIM_20250901_145624",597,2
"SIM_20250901_145624",598,1
"SIM_20250901_145624",599,3
"SIM_20250901_145624",600,1
"SIM_20250901_145624",601,1
"SIM_20250901_145624",602,2
"SIM_20250901_145624",603,1
"SIM_20250901_145624",604,1
"SIM_20250901_145624",605,1
"SIM_20250901_145624",606,1
"SIM_20250901_145624",607,3
"SIM_20250901_145624",608,2
"SIM_20250901_145624",609,2
"SIM_20250901_145624",610,2
"SIM_20250901_145624",611,2
"SIM_20250901_145624",612,1
"SIM_20250901_145624",613,3
"SIM_20250901_145624",614,2
"SIM_20250901_145624",615,2
"SIM_20250901_145624",616,2
"SIM_20250901_145624",617,2
"SIM_20250901_145624",618,1
"SIM_20250901_145624",619,2
"SIM_20250901_145624",620,1
"SIM_20250901_145624",621,2
"SIM_20250901_145624",622,2
"SIM_20250901_145624",623,2
"SIM_20250901_145624",624,3
"SIM_20250901_145624",625,2
"SIM_20250901_145624",626,1
"SIM_20250901_145624",627,3
"SIM_20250901_145624",628,1
"SIM_20250901_145624",629,2
"SIM_20250901_145624",630,3
"SIM_20250901_145624",631,3
"SIM_20250901_145624",632,1
"SIM_20250901_145624",633,2
"SIM_20250901_145624",634,2
"SIM_20250901_145624",635,2
"SIM_20250901_145624",636,1
"SIM_20250901_145624",637,3
"SIM_20250901_145624",638,3
"SIM_20250901_145624",639,1
"SIM_20250901_145624",640,1
"SIM_20250901_145624",641,2
"SIM_20250901_145624",642,2
"SIM_20250901_145624",643,2
"SIM_20250901_145624",644,3
"SIM_20250901_145624",645,1
"SIM_20250901_145624",646,2
"SIM_20250901_145624",647,2
"SIM_20250901_145624",648,2
"SIM_20250901_145624",649,1
"SIM_20250901_145624",650,2
"SIM_20250901_145624",651,2
"SIM_20250901_145624",652,1
"SIM_20250901_145624",653,2
"SIM_20250901_145624",654,1
"SIM_20250901_145624",655,2
"SIM_20250901_145624",656,3
"SIM_20250901_145624",657,3
"SIM_20250901_145624",658,1
"SIM_20250901_145624",659,1
"SIM_20250901_145624",660,2
"SIM_20250901_145624",661,1
"SIM_20250901_145624",662,1
"SIM_20250901_145624",663,1
"SIM_20250901_145624",664,2
"SIM_20250901_145624",665,3
"SIM_20250901_145624",666,2
"SIM_20250901_145624",667,3
"SIM_20250901_145624",668,2
"SIM_20250901_145624",669,2
"SIM_20250901_145624",670,2
"SIM_20250901_145624",671,3
"SIM_20250901_145624",672,1
"SIM_20250901_145624",673,3
"SIM_20250901_145624",674,2
"SIM_20250901_145624",675,3
"SIM_20250901_145624",676,1
"SIM_20250901_145624",677,2
"SIM_20250901_145624",678,2
"SIM_20250901_145624",679,1
"SIM_20250901_145624",680,1
"SIM_20250901_145624",681,1
"SIM_20250901_145624",682,2
"SIM_20250901_145624",683,2
"SIM_20250901_145624",684,3
"SIM_20250901_145624",685,1
"SIM_20250901_145624",686,1
"SIM_20250901_145624",687,1
"SIM_20250901_145624",688,3
"SIM_20250901_145624",689,2
"SIM_20250901_145624",690,1
"SIM_20250901_145624",691,3
"SIM_20250901_145624",692,1
"SIM_20250901_145624",693,1
"SIM_20250901_145624",694,1
"SIM_20250901_145624",695,2
"SIM_20250901_145624",696,1
"SIM_20250901_145624",697,3
"SIM_20250901_145624",698,1
"SIM_20250901_145624",699,2
"SIM_20250901_145624",700,2
"SIM_20250901_145624",701,2
"SIM_20250901_145624",702,3
"SIM_20250901_145624",703,3
"SIM_20250901_145624",704,2
"SIM_20250901_145624",705,1
"SIM_20250901_145624",706,2
"SIM_20250901_145624",707,2
"SIM_20250901_145624",708,1
"SIM_20250901_145624",709,1
"SIM_20250901_145624",710,2
"SIM_20250901_145624",711,2
"SIM_20250901_145624",712,1
"SIM_20250901_145624",713,3
"SIM_20250901_145624",714,1
"SIM_20250901_145624",715,2
"SIM_20250901_145624",716,1
"SIM_20250901_145624",717,1
"SIM_20250901_145624",718,2
"SIM_20250901_145624",719,1
"SIM_20250901_145624",720,3
"SIM_20250901_145624",721,1
"SIM_20250901_145624",722,2
"SIM_20250901_145624",723,2
"SIM_20250901_145624",724,1
"SIM_20250901_145624",725,3
"SIM_20250901_145624",726,3
"SIM_20250901_145624",727,1
"SIM_20250901_145624",728,2
"SIM_20250901_145624",729,1
"SIM_20250901_145624",730,3
"SIM_20250901_145624",731,2
"SIM_20250901_145624",732,1
"SIM_20250901_145624",733,1
"SIM_20250901_145624",734,1
"SIM_20250901_145624",735,1
"SIM_20250901_145624",736,2
"SIM_20250901_145624",737,1
"SIM_20250901_145624",738,1
"SIM_20250901_145624",739,1
"SIM_20250901_145624",740,2
"SIM_20250901_145624",741,1
"SIM_20250901_145624",742,1
"SIM_20250901_145624",743,2
"SIM_20250901_145624",744,2
"SIM_20250901_145624",745,3
"SIM_20250901_145624",746,1
"SIM_20250901_145624",747,2
"SIM_20250901_145624",748,2
"SIM_20250901_145624",749,1
"SIM_20250901_145624",750,1
"SIM_20250901_145624",751,2
"SIM_20250901_145624",752,2
"SIM_20250901_145624",753,1
"SIM_20250901_145624",754,3
"SIM_20250901_145624",755,2
"SIM_20250901_145624",756,3
"SIM_20250901_145624",757,1
"SIM_20250901_145624",758,2
"SIM_20250901_145624",759,2
"SIM_20250901_145624",760,3
"SIM_20250901_145624",761,1
"SIM_20250901_145624",762,1
"SIM_20250901_145624",763,3
"SIM_20250901_145624",764,2
"SIM_20250901_145624",765,1
"SIM_20250901_145624",766,2
"SIM_20250901_145624",767,2
"SIM_20250901_145624",768,1
"SIM_20250901_145624",769,2
"SIM_20250901_145624",770,3
"SIM_20250901_145624",771,2
"SIM_20250901_145624",772,3
"SIM_20250901_145624",773,1
"SIM_20250901_145624",774,3
"SIM_20250901_145624",775,1
"SIM_20250901_145624",776,2
"SIM_20250901_145624",777,3
"SIM_20250901_145624",778,1
"SIM_20250901_145624",779,2
"SIM_20250901_145624",780,2
"SIM_20250901_145624",781,1
"SIM_20250901_145624",782,2
"SIM_20250901_145624",783,1
"SIM_20250901_145624",784,2
"SIM_20250901_145624",785,2
"SIM_20250901_145624",786,2
"SIM_20250901_145624",787,1
"SIM_20250901_145624",788,1
"SIM_20250901_145624",789,2
"SIM_20250901_145624",790,1
"SIM_20250901_145624",791,2
"SIM_20250901_145624",792,1
"SIM_20250901_145624",793,1
"SIM_20250901_145624",794,1
"SIM_20250901_145624",795,1
"SIM_20250901_145624",796,3
"SIM_20250901_145624",797,1
"SIM_20250901_145624",798,3
"SIM_20250901_145624",799,2
"SIM_20250901_145624",800,3
"SIM_20250901_145624",801,1
"SIM_20250901_145624",802,1
"SIM_20250901_145624",803,3
"SIM_20250901_145624",804,1
"SIM_20250901_145624",805,2
"SIM_20250901_145624",806,2
"SIM_20250901_145624",807,2
"SIM_20250901_145624",808,1
"SIM_20250901_145624",809,2
"SIM_20250901_145624",810,2
"SIM_20250901_145624",811,1
"SIM_20250901_145624",812,2
"SIM_20250901_145624",813,1
"SIM_20250901_145624",814,2
"SIM_20250901_145624",815,3
"SIM_20250901_145624",816,1
"SIM_20250901_145624",817,1
"SIM_20250901_145624",818,2
"SIM_20250901_145624",819,2
"SIM_20250901_145624",820,1
"SIM_20250901_145624",821,2
"SIM_20250901_145624",822,1
"SIM_20250901_145624",823,1
"SIM_20250901_145624",824,2
"SIM_20250901_145624",825,1
"SIM_20250901_145624",826,2
"SIM_20250901_145624",827,1
"SIM_20250901_145624",828,2
"SIM_20250901_145624",829,1
"SIM_20250901_145624",830,3
"SIM_20250901_145624",831,2
"SIM_20250901_145624",832,3
"SIM_20250901_145624",833,3
"SIM_20250901_145624",834,1
"SIM_20250901_145624",835,2
"SIM_20250901_145624",836,1
"SIM_20250901_145624",837,3
"SIM_20250901_145624",838,3
"SIM_20250901_145624",839,2
"SIM_20250901_145624",840,2
"SIM_20250901_145624",841,2
"SIM_20250901_145624",842,1
"SIM_20250901_145624",843,2
"SIM_20250901_145624",844,2
"SIM_20250901_145624",845,3
"SIM_20250901_145624",846,2
"SIM_20250901_145624",847,1
"SIM_20250901_145624",848,1
"SIM_20250901_145624",849,3
"SIM_20250901_145624",850,3
"SIM_20250901_145624",851,3
"SIM_20250901_145624",852,2
"SIM_20250901_145624",853,2
"SIM_20250901_145624",854,1
"SIM_20250901_145624",855,2
"SIM_20250901_145624",856,3
"SIM_20250901_145624",857,3
"SIM_20250901_145624",858,1
"SIM_20250901_145624",859,3
"SIM_20250901_145624",860,2
"SIM_20250901_145624",861,1
"SIM_20250901_145624",862,1
"SIM_20250901_145624",863,1
"SIM_20250901_145624",864,3
"SIM_20250901_145624",865,3
"SIM_20250901_145624",866,1
"SIM_20250901_145624",867,2
"SIM_20250901_145624",868,2
"SIM_20250901_145624",869,1
"SIM_20250901_145624",870,1
"SIM_20250901_145624",871,2
"SIM_20250901_145624",872,2
"SIM_20250901_145624",873,2
"SIM_20250901_145624",874,2
"SIM_20250901_145624",875,2
"SIM_20250901_145624",876,3
"SIM_20250901_145624",877,3
"SIM_20250901_145624",878,1
"SIM_20250901_145624",879,1
"SIM_20250901_145624",880,3
"SIM_20250901_145624",881,3
"SIM_20250901_145624",882,3
"SIM_20250901_145624",883,2
"SIM_20250901_145624",884,2
"SIM_20250901_145624",885,2
"SIM_20250901_145624",886,2
"SIM_20250901_145624",887,3
"SIM_20250901_145624",888,1
"SIM_20250901_145624",889,2
"SIM_20250901_145624",890,1
"SIM_20250901_145624",891,1
"SIM_20250901_145624",892,2
"SIM_20250901_145624",893,3
"SIM_20250901_145624",894,1
"SIM_20250901_145624",895,3
"SIM_20250901_145624",896,1
"SIM_20250901_145624",897,1
"SIM_20250901_145624",898,1
"SIM_20250901_145624",899,2
"SIM_20250901_145624",900,1
"SIM_20250901_145624",901,1
"SIM_20250901_145624",902,3
"SIM_20250901_145624",903,2
"SIM_20250901_145624",904,1
"SIM_20250901_145624",905,3
"SIM_20250901_145624",906,1
"SIM_20250901_145624",907,2
"SIM_20250901_145624",908,3
"SIM_20250901_145624",909,2
"SIM_20250901_145624",910,3
"SIM_20250901_145624",911,3
"SIM_20250901_145624",912,2
"SIM_20250901_145624",913,1
"SIM_20250901_145624",914,2
"SIM_20250901_145624",915,1
"SIM_20250901_145624",916,1
"SIM_20250901_145624",917,1
"SIM_20250901_145624",918,1
"SIM_20250901_145624",919,1
"SIM_20250901_145624",920,1
"SIM_20250901_145624",921,1
"SIM_20250901_145624",922,3
"SIM_20250901_145624",923,3
"SIM_20250901_145624",924,1
"SIM_20250901_145624",925,1
"SIM_20250901_145624",926,2
"SIM_20250901_145624",927,1
"SIM_20250901_145624",928,3
"SIM_20250901_145624",929,2
"SIM_20250901_145624",930,2
"SIM_20250901_145624",931,1
"SIM_20250901_145624",932,3
"SIM_20250901_145624",933,1
"SIM_20250901_145624",934,3
"SIM_20250901_145624",935,3
"SIM_20250901_145624",936,3
"SIM_20250901_145624",937,1
"SIM_20250901_145624",938,3
"SIM_20250901_145624",939,3
"SIM_20250901_145624",940,3
"SIM_20250901_145624",941,2
"SIM_20250901_145624",942,1
"SIM_20250901_145624",943,3
"SIM_20250901_145624",944,1
"SIM_20250901_145624",945,1
"SIM_20250901_145624",946,2
"SIM_20250901_145624",947,1
"SIM_20250901_145624",948,1
"SIM_20250901_145624",949,3
"SIM_20250901_145624",950,1
"SIM_20250901_145624",951,3
"SIM_20250901_145624",952,1
"SIM_20250901_145624",953,1
"SIM_20250901_145624",954,3
"SIM_20250901_145624",955,1
"SIM_20250901_145624",956,1
"SIM_20250901_145624",957,2
"SIM_20250901_145624",958,1
"SIM_20250901_145624",959,3
"SIM_20250901_145624",960,1
"SIM_20250901_145624",961,1
"SIM_20250901_145624",962,1
"SIM_20250901_145624",963,2
"SIM_20250901_145624",964,2
"SIM_20250901_145624",965,1
"SIM_20250901_145624",966,1
"SIM_20250901_145624",967,3
"SIM_20250901_145624",968,1
"SIM_20250901_145624",969,1
"SIM_20250901_145624",970,1
"SIM_20250901_145624",971,3
"SIM_20250901_145624",972,3
"SIM_20250901_145624",973,3
"SIM_20250901_145624",974,1
"SIM_20250901_145624",975,1
"SIM_20250901_145624",976,1
"SIM_20250901_145624",977,2
"SIM_20250901_145624",978,3
"SIM_20250901_145624",979,2
"SIM_20250901_145624",980,2
"SIM_20250901_145624",981,2
"SIM_20250901_145624",982,3
"SIM_20250901_145624",983,2
"SIM_20250901_145624",984,3
"SIM_20250901_145624",985,2
"SIM_20250901_145624",986,1
"SIM_20250901_145624",987,1
"SIM_20250901_145624",988,2
"SIM_20250901_145624",989,1
"SIM_20250901_145624",990,1
"SIM_20250901_145624",991,1
"SIM_20250901_145624",992,1
"SIM_20250901_145624",993,2
"SIM_20250901_145624",994,1
"SIM_20250901_145624",995,1
"SIM_20250901_145624",996,3
"SIM_20250901_145624",997,2
"SIM_20250901_145624",998,1
"SIM_20250901_145624",999,1
"SIM_20250901_145624",1000,1
"SIM_20250901_145729",1,2
"SIM_20250901_145729",2,3
"SIM_20250901_145729",3,2
"SIM_20250901_145729",4,2
"SIM_20250901_145729",5,3
"SIM_20250901_145729",6,3
"SIM_20250901_145729",7,2
"SIM_20250901_145729",8,2
"SIM_20250901_145729",9,2
"SIM_20250901_145729",10,3
"SIM_20250901_145729",11,2
"SIM_20250901_145729",12,1
"SIM_20250901_145729",13,1
"SIM_20250901_145729",14,1
"SIM_20250901_145729",15,3
"SIM_20250901_145729",16,1
"SIM_20250901_145729",17,2
"SIM_20250901_145729",18,1
"SIM_20250901_145729",19,3
"SIM_20250901_145729",20,1
"SIM_20250901_145729",21,2
"SIM_20250901_145729",22,3
"SIM_20250901_145729",23,2
"SIM_20250901_145729",24,2
"SIM_20250901_145729",25,3
"SIM_20250901_145729",26,1
"SIM_20250901_145729",27,2
"SIM_20250901_145729",28,1
"SIM_20250901_145729",29,1
"SIM_20250901_145729",30,1
"SIM_20250901_145729",31,1
"SIM_20250901_145729",32,1
"SIM_20250901_145729",33,1
"SIM_20250901_145729",34,1
"SIM_20250901_145729",35,3
"SIM_20250901_145729",36,1
"SIM_20250901_145729",37,3
"SIM_20250901_145729",38,2
"SIM_20250901_145729",39,2
"SIM_20250901_145729",40,2
"SIM_20250901_145729",41,1
"SIM_20250901_145729",42,2
"SIM_20250901_145729",43,2
"SIM_20250901_145729",44,1
"SIM_20250901_145729",45,3
"SIM_20250901_145729",46,1
"SIM_20250901_145729",47,2
"SIM_20250901_145729",48,2
"SIM_20250901_145729",49,2
"SIM_20250901_145729",50,2
"SIM_20250901_145729",51,2
"SIM_20250901_145729",52,1
"SIM_20250901_145729",53,2
"SIM_20250901_145729",54,1
"SIM_20250901_145729",55,1
"SIM_20250901_145729",56,1
"SIM_20250901_145729",57,1
"SIM_20250901_145729",58,2
"SIM_20250901_145729",59,1
"SIM_20250901_145729",60,3
"SIM_20250901_145729",61,2
"SIM_20250901_145729",62,3
"SIM_20250901_145729",63,1
"SIM_20250901_145729",64,1
"SIM_20250901_145729",65,2
"SIM_20250901_145729",66,3
"SIM_20250901_145729",67,1
"SIM_20250901_145729",68,1
"SIM_20250901_145729",69,1
"SIM_20250901_145729",70,2
"SIM_20250901_145729",71,1
"SIM_20250901_145729",72,2
"SIM_20250901_145729",73,3
"SIM_20250901_145729",74,1
"SIM_20250901_145729",75,2
"SIM_20250901_145729",76,1
"SIM_20250901_145729",77,1
"SIM_20250901_145729",78,2
"SIM_20250901_145729",79,1
"SIM_20250901_145729",80,1
"SIM_20250901_145729",81,2
"SIM_20250901_145729",82,1
"SIM_20250901_145729",83,2
"SIM_20250901_145729",84,1
"SIM_20250901_145729",85,1
"SIM_20250901_145729",86,1
"SIM_20250901_145729",87,1
"SIM_20250901_145729",88,1
"SIM_20250901_145729",89,1
"SIM_20250901_145729",90,1
"SIM_20250901_145729",91,2
"SIM_20250901_145729",92,3
"SIM_20250901_145729",93,1
"SIM_20250901_145729",94,3
"SIM_20250901_145729",95,2
"SIM_20250901_145729",96,1
"SIM_20250901_145729",97,2
"SIM_20250901_145729",98,1
"SIM_20250901_145729",99,3
"SIM_20250901_145729",100,3
"SIM_20250901_145729",101,2
"SIM_20250901_145729",102,3
"SIM_20250901_145729",103,2
"SIM_20250901_145729",104,2
"SIM_20250901_145729",105,1
"SIM_20250901_145729",106,1
"SIM_20250901_145729",107,1
"SIM_20250901_145729",108,1
"SIM_20250901_145729",109,2
"SIM_20250901_145729",110,2
"SIM_20250901_145729",111,2
"SIM_20250901_145729",112,2
"SIM_20250901_145729",113,1
"SIM_20250901_145729",114,2
"SIM_20250901_145729",115,2
"SIM_20250901_145729",116,3
"SIM_20250901_145729",117,2
"SIM_20250901_145729",118,1
"SIM_20250901_145729",119,1
"SIM_20250901_145729",120,2
"SIM_20250901_145729",121,1
"SIM_20250901_145729",122,1
"SIM_20250901_145729",123,2
"SIM_20250901_145729",124,1
"SIM_20250901_145729",125,3
"SIM_20250901_145729",126,3
"SIM_20250901_145729",127,2
"SIM_20250901_145729",128,2
"SIM_20250901_145729",129,2
"SIM_20250901_145729",130,3
"SIM_20250901_145729",131,1
"SIM_20250901_145729",132,2
"SIM_20250901_145729",133,2
"SIM_20250901_145729",134,2
"SIM_20250901_145729",135,1
"SIM_20250901_145729",136,2
"SIM_20250901_145729",137,2
"SIM_20250901_145729",138,1
"SIM_20250901_145729",139,1
"SIM_20250901_145729",140,3
"SIM_20250901_145729",141,3
"SIM_20250901_145729",142,3
"SIM_20250901_145729",143,3
"SIM_20250901_145729",144,3
"SIM_20250901_145729",145,2
"SIM_20250901_145729",146,1
"SIM_20250901_145729",147,3
"SIM_20250901_145729",148,2
"SIM_20250901_145729",149,1
"SIM_20250901_145729",150,2
"SIM_20250901_145729",151,2
"SIM_20250901_145729",152,2
"SIM_20250901_145729",153,1
"SIM_20250901_145729",154,2
"SIM_20250901_145729",155,1
"SIM_20250901_145729",156,2
"SIM_20250901_145729",157,1
"SIM_20250901_145729",158,1
"SIM_20250901_145729",159,1
"SIM_20250901_145729",160,3
"SIM_20250901_145729",161,3
"SIM_20250901_145729",162,1
"SIM_20250901_145729",163,2
"SIM_20250901_145729",164,2
"SIM_20250901_145729",165,2
"SIM_20250901_145729",166,2
"SIM_20250901_145729",167,2
"SIM_20250901_145729",168,2
"SIM_20250901_145729",169,1
"SIM_20250901_145729",170,1
"SIM_20250901_145729",171,2
"SIM_20250901_145729",172,2
"SIM_20250901_145729",173,1
"SIM_20250901_145729",174,2
"SIM_20250901_145729",175,3
"SIM_20250901_145729",176,3
"SIM_20250901_145729",177,1
"SIM_20250901_145729",178,1
"SIM_20250901_145729",179,2
"SIM_20250901_145729",180,3
"SIM_20250901_145729",181,3
"SIM_20250901_145729",182,2
"SIM_20250901_145729",183,2
"SIM_20250901_145729",184,1
"SIM_20250901_145729",185,2
"SIM_20250901_145729",186,1
"SIM_20250901_145729",187,1
"SIM_20250901_145729",188,3
"SIM_20250901_145729",189,3
"SIM_20250901_145729",190,3
"SIM_20250901_145729",191,1
"SIM_20250901_145729",192,2
"SIM_20250901_145729",193,1
"SIM_20250901_145729",194,2
"SIM_20250901_145729",195,1
"SIM_20250901_145729",196,1
"SIM_20250901_145729",197,1
"SIM_20250901_145729",198,2
"SIM_20250901_145729",199,3
"SIM_20250901_145729",200,2
"SIM_20250901_145729",201,2
"SIM_20250901_145729",202,2
"SIM_20250901_145729",203,1
"SIM_20250901_145729",204,1
"SIM_20250901_145729",205,2
"SIM_20250901_145729",206,1
"SIM_20250901_145729",207,2
"SIM_20250901_145729",208,1
"SIM_20250901_145729",209,1
"SIM_20250901_145729",210,2
"SIM_20250901_145729",211,1
"SIM_20250901_145729",212,2
"SIM_20250901_145729",213,2
"SIM_20250901_145729",214,1
"SIM_20250901_145729",215,3
"SIM_20250901_145729",216,3
"SIM_20250901_145729",217,1
"SIM_20250901_145729",218,3
"SIM_20250901_145729",219,2
"SIM_20250901_145729",220,2
"SIM_20250901_145729",221,2
"SIM_20250901_145729",222,2
"SIM_20250901_145729",223,2
"SIM_20250901_145729",224,1
"SIM_20250901_145729",225,1
"SIM_20250901_145729",226,1
"SIM_20250901_145729",227,2
"SIM_20250901_145729",228,2
"SIM_20250901_145729",229,1
"SIM_20250901_145729",230,2
"SIM_20250901_145729",231,3
"SIM_20250901_145729",232,2
"SIM_20250901_145729",233,2
"SIM_20250901_145729",234,2
"SIM_20250901_145729",235,1
"SIM_20250901_145729",236,3
"SIM_20250901_145729",237,1
"SIM_20250901_145729",238,2
"SIM_20250901_145729",239,1
"SIM_20250901_145729",240,2
"SIM_20250901_145729",241,2
"SIM_20250901_145729",242,2
"SIM_20250901_145729",243,3
"SIM_20250901_145729",244,3
"SIM_20250901_145729",245,3
"SIM_20250901_145729",246,2
"SIM_20250901_145729",247,1
"SIM_20250901_145729",248,2
"SIM_20250901_145729",249,2
"SIM_20250901_145729",250,3
"SIM_20250901_145729",251,2
"SIM_20250901_145729",252,1
"SIM_20250901_145729",253,1
"SIM_20250901_145729",254,2
"SIM_20250901_145729",255,2
"SIM_20250901_145729",256,2
"SIM_20250901_145729",257,3
"SIM_20250901_145729",258,2
"SIM_20250901_145729",259,1
"SIM_20250901_145729",260,3
"SIM_20250901_145729",261,1
"SIM_20250901_145729",262,1
"SIM_20250901_145729",263,2
"SIM_20250901_145729",264,2
"SIM_20250901_145729",265,1
"SIM_20250901_145729",266,3
"SIM_20250901_145729",267,2
"SIM_20250901_145729",268,2
"SIM_20250901_145729",269,3
"SIM_20250901_145729",270,2
"SIM_20250901_145729",271,3
"SIM_20250901_145729",272,2
"SIM_20250901_145729",273,3
"SIM_20250901_145729",274,2
"SIM_20250901_145729",275,1
"SIM_20250901_145729",276,1
"SIM_20250901_145729",277,1
"SIM_20250901_145729",278,3
"SIM_20250901_145729",279,2
"SIM_20250901_145729",280,1
"SIM_20250901_145729",281,3
"SIM_20250901_145729",282,2
"SIM_20250901_145729",283,3
"SIM_20250901_145729",284,1
"SIM_20250901_145729",285,2
"SIM_20250901_145729",286,1
"SIM_20250901_145729",287,2
"SIM_20250901_145729",288,2
"SIM_20250901_145729",289,1
"SIM_20250901_145729",290,1
"SIM_20250901_145729",291,2
"SIM_20250901_145729",292,2
"SIM_20250901_145729",293,2
"SIM_20250901_145729",294,1
"SIM_20250901_145729",295,1
"SIM_20250901_145729",296,2
"SIM_20250901_145729",297,2
"SIM_20250901_145729",298,2
"SIM_20250901_145729",299,2
"SIM_20250901_145729",300,1
"SIM_20250901_145729",301,1
"SIM_20250901_145729",302,3
"SIM_20250901_145729",303,1
"SIM_20250901_145729",304,3
"SIM_20250901_145729",305,2
"SIM_20250901_145729",306,3
"SIM_20250901_145729",307,2
"SIM_20250901_145729",308,1
"SIM_20250901_145729",309,2
"SIM_20250901_145729",310,1
"SIM_20250901_145729",311,2
"SIM_20250901_145729",312,1
"SIM_20250901_145729",313,3
"SIM_20250901_145729",314,1
"SIM_20250901_145729",315,1
"SIM_20250901_145729",316,2
"SIM_20250901_145729",317,2
"SIM_20250901_145729",318,2
"SIM_20250901_145729",319,1
"SIM_20250901_145729",320,2
"SIM_20250901_145729",321,2
"SIM_20250901_145729",322,2
"SIM_20250901_145729",323,1
"SIM_20250901_145729",324,1
"SIM_20250901_145729",325,2
"SIM_20250901_145729",326,1
"SIM_20250901_145729",327,1
"SIM_20250901_145729",328,1
"SIM_20250901_145729",329,2
"SIM_20250901_145729",330,2
"SIM_20250901_145729",331,1
"SIM_20250901_145729",332,1
"SIM_20250901_145729",333,3
"SIM_20250901_145729",334,1
"SIM_20250901_145729",335,1
"SIM_20250901_145729",336,1
"SIM_20250901_145729",337,3
"SIM_20250901_145729",338,1
"SIM_20250901_145729",339,1
"SIM_20250901_145729",340,1
"SIM_20250901_145729",341,1
"SIM_20250901_145729",342,3
"SIM_20250901_145729",343,1
"SIM_20250901_145729",344,1
"SIM_20250901_145729",345,1
"SIM_20250901_145729",346,2
"SIM_20250901_145729",347,2
"SIM_20250901_145729",348,3
"SIM_20250901_145729",349,3
"SIM_20250901_145729",350,3
"SIM_20250901_145729",351,2
"SIM_20250901_145729",352,1
"SIM_20250901_145729",353,3
"SIM_20250901_145729",354,3
"SIM_20250901_145729",355,1
"SIM_20250901_145729",356,2
"SIM_20250901_145729",357,1
"SIM_20250901_145729",358,1
"SIM_20250901_145729",359,2
"SIM_20250901_145729",360,2
"SIM_20250901_145729",361,3
"SIM_20250901_145729",362,2
"SIM_20250901_145729",363,3
"SIM_20250901_145729",364,2
"SIM_20250901_145729",365,2
"SIM_20250901_145729",366,2
"SIM_20250901_145729",367,2
"SIM_20250901_145729",368,1
"SIM_20250901_145729",369,1
"SIM_20250901_145729",370,2
"SIM_20250901_145729",371,2
"SIM_20250901_145729",372,1
"SIM_20250901_145729",373,1
"SIM_20250901_145729",374,1
"SIM_20250901_145729",375,2
"SIM_20250901_145729",376,2
"SIM_20250901_145729",377,1
"SIM_20250901_145729",378,2
"SIM_20250901_145729",379,1
"SIM_20250901_145729",380,1
"SIM_20250901_145729",381,1
"SIM_20250901_145729",382,2
"SIM_20250901_145729",383,1
"SIM_20250901_145729",384,2
"SIM_20250901_145729",385,1
"SIM_20250901_145729",386,3
"SIM_20250901_145729",387,1
"SIM_20250901_145729",388,1
"SIM_20250901_145729",389,2
"SIM_20250901_145729",390,2
"SIM_20250901_145729",391,2
"SIM_20250901_145729",392,3
"SIM_20250901_145729",393,2
"SIM_20250901_145729",394,3
"SIM_20250901_145729",395,1
"SIM_20250901_145729",396,1
"SIM_20250901_145729",397,1
"SIM_20250901_145729",398,3
"SIM_20250901_145729",399,2
"SIM_20250901_145729",400,3
"SIM_20250901_145729",401,2
"SIM_20250901_145729",402,1
"SIM_20250901_145729",403,1
"SIM_20250901_145729",404,3
"SIM_20250901_145729",405,2
"SIM_20250901_145729",406,3
"SIM_20250901_145729",407,1
"SIM_20250901_145729",408,3
"SIM_20250901_145729",409,2
"SIM_20250901_145729",410,2
"SIM_20250901_145729",411,3
"SIM_20250901_145729",412,2
"SIM_20250901_145729",413,1
"SIM_20250901_145729",414,3
"SIM_20250901_145729",415,2
"SIM_20250901_145729",416,1
"SIM_20250901_145729",417,3
"SIM_20250901_145729",418,3
"SIM_20250901_145729",419,2
"SIM_20250901_145729",420,2
"SIM_20250901_145729",421,1
"SIM_20250901_145729",422,1
"SIM_20250901_145729",423,3
"SIM_20250901_145729",424,1
"SIM_20250901_145729",425,1
"SIM_20250901_145729",426,2
"SIM_20250901_145729",427,1
"SIM_20250901_145729",428,2
"SIM_20250901_145729",429,1
"SIM_20250901_145729",430,1
"SIM_20250901_145729",431,2
"SIM_20250901_145729",432,2
"SIM_20250901_145729",433,1
"SIM_20250901_145729",434,2
"SIM_20250901_145729",435,1
"SIM_20250901_145729",436,1
"SIM_20250901_145729",437,1
"SIM_20250901_145729",438,2
"SIM_20250901_145729",439,2
"SIM_20250901_145729",440,1
"SIM_20250901_145729",441,3
"SIM_20250901_145729",442,1
"SIM_20250901_145729",443,1
"SIM_20250901_145729",444,1
"SIM_20250901_145729",445,1
"SIM_20250901_145729",446,1
"SIM_20250901_145729",447,2
"SIM_20250901_145729",448,2
"SIM_20250901_145729",449,2
"SIM_20250901_145729",450,2
"SIM_20250901_145729",451,1
"SIM_20250901_145729",452,1
"SIM_20250901_145729",453,3
"SIM_20250901_145729",454,2
"SIM_20250901_145729",455,1
"SIM_20250901_145729",456,1
"SIM_20250901_145729",457,1
"SIM_20250901_145729",458,2
"SIM_20250901_145729",459,2
"SIM_20250901_145729",460,1
"SIM_20250901_145729",461,2
"SIM_20250901_145729",462,1
"SIM_20250901_145729",463,1
"SIM_20250901_145729",464,3
"SIM_20250901_145729",465,1
"SIM_20250901_145729",466,2
"SIM_20250901_145729",467,3
"SIM_20250901_145729",468,2
"SIM_20250901_145729",469,2
"SIM_20250901_145729",470,2
"SIM_20250901_145729",471,1
"SIM_20250901_145729",472,1
"SIM_20250901_145729",473,2
"SIM_20250901_145729",474,2
"SIM_20250901_145729",475,1
"SIM_20250901_145729",476,2
"SIM_20250901_145729",477,2
"SIM_20250901_145729",478,2
"SIM_20250901_145729",479,1
"SIM_20250901_145729",480,2
"SIM_20250901_145729",481,1
"SIM_20250901_145729",482,2
"SIM_20250901_145729",483,3
"SIM_20250901_145729",484,2
"SIM_20250901_145729",485,3
"SIM_20250901_145729",486,1
"SIM_20250901_145729",487,2
"SIM_20250901_145729",488,2
"SIM_20250901_145729",489,3
"SIM_20250901_145729",490,1
"SIM_20250901_145729",491,2
"SIM_20250901_145729",492,2
"SIM_20250901_145729",493,2
"SIM_20250901_145729",494,3
"SIM_20250901_145729",495,2
"SIM_20250901_145729",496,1
"SIM_20250901_145729",497,3
"SIM_20250901_145729",498,2
"SIM_20250901_145729",499,1
"SIM_20250901_145729",500,3
"SIM_20250901_145729",501,2
"SIM_20250901_145729",502,3
"SIM_20250901_145729",503,1
"SIM_20250901_145729",504,3
"SIM_20250901_145729",505,1
"SIM_20250901_145729",506,3
"SIM_20250901_145729",507,3
"SIM_20250901_145729",508,2
"SIM_20250901_145729",509,3
"SIM_20250901_145729",510,1
"SIM_20250901_145729",511,3
"SIM_20250901_145729",512,2
"SIM_20250901_145729",513,1
"SIM_20250901_145729",514,1
"SIM_20250901_145729",515,2
"SIM_20250901_145729",516,1
"SIM_20250901_145729",517,1
"SIM_20250901_145729",518,3
"SIM_20250901_145729",519,3
"SIM_20250901_145729",520,1
"SIM_20250901_145729",521,2
"SIM_20250901_145729",522,1
"SIM_20250901_145729",523,1
"SIM_20250901_145729",524,2
"SIM_20250901_145729",525,2
"SIM_20250901_145729",526,2
"SIM_20250901_145729",527,2
"SIM_20250901_145729",528,1
"SIM_20250901_145729",529,2
"SIM_20250901_145729",530,2
"SIM_20250901_145729",531,3
"SIM_20250901_145729",532,1
"SIM_20250901_145729",533,2
"SIM_20250901_145729",534,3
"SIM_20250901_145729",535,1
"SIM_20250901_145729",536,2
"SIM_20250901_145729",537,3
"SIM_20250901_145729",538,1
"SIM_20250901_145729",539,1
"SIM_20250901_145729",540,2
"SIM_20250901_145729",541,1
"SIM_20250901_145729",542,3
"SIM_20250901_145729",543,2
"SIM_20250901_145729",544,1
"SIM_20250901_145729",545,1
"SIM_20250901_145729",546,1
"SIM_20250901_145729",547,3
"SIM_20250901_145729",548,2
"SIM_20250901_145729",549,2
"SIM_20250901_145729",550,3
"SIM_20250901_145729",551,3
"SIM_20250901_145729",552,2
"SIM_20250901_145729",553,2
"SIM_20250901_145729",554,1
"SIM_20250901_145729",555,1
"SIM_20250901_145729",556,1
"SIM_20250901_145729",557,3
"SIM_20250901_145729",558,1
"SIM_20250901_145729",559,1
"SIM_20250901_145729",560,2
"SIM_20250901_145729",561,2
"SIM_20250901_145729",562,1
"SIM_20250901_145729",563,1
"SIM_20250901_145729",564,2
"SIM_20250901_145729",565,1
"SIM_20250901_145729",566,2
"SIM_20250901_145729",567,2
"SIM_20250901_145729",568,3
"SIM_20250901_145729",569,3
"SIM_20250901_145729",570,1
"SIM_20250901_145729",571,1
"SIM_20250901_145729",572,2
"SIM_20250901_145729",573,2
"SIM_20250901_145729",574,2
"SIM_20250901_145729",575,3
"SIM_20250901_145729",576,1
"SIM_20250901_145729",577,1
"SIM_20250901_145729",578,1
"SIM_20250901_145729",579,2
"SIM_20250901_145729",580,1
"SIM_20250901_145729",581,1
"SIM_20250901_145729",582,1
"SIM_20250901_145729",583,1
"SIM_20250901_145729",584,2
"SIM_20250901_145729",585,1
"SIM_20250901_145729",586,3
"SIM_20250901_145729",587,2
"SIM_20250901_145729",588,2
"SIM_20250901_145729",589,1
"SIM_20250901_145729",590,3
"SIM_20250901_145729",591,2
"SIM_20250901_145729",592,2
"SIM_20250901_145729",593,1
"SIM_20250901_145729",594,2
"SIM_20250901_145729",595,2
"SIM_20250901_145729",596,1
"SIM_20250901_145729",597,1
"SIM_20250901_145729",598,2
"SIM_20250901_145729",599,3
"SIM_20250901_145729",600,2
"SIM_20250901_145729",601,2
"SIM_20250901_145729",602,1
"SIM_20250901_145729",603,2
"SIM_20250901_145729",604,2
"SIM_20250901_145729",605,2
"SIM_20250901_145729",606,2
"SIM_20250901_145729",607,3
"SIM_20250901_145729",608,1
"SIM_20250901_145729",609,1
"SIM_20250901_145729",610,1
"SIM_20250901_145729",611,1
"SIM_20250901_145729",612,2
"SIM_20250901_145729",613,3
"SIM_20250901_145729",614,1
"SIM_20250901_145729",615,1
"SIM_20250901_145729",616,1
"SIM_20250901_145729",617,1
"SIM_20250901_145729",618,2
"SIM_20250901_145729",619,1
"SIM_20250901_145729",620,2
"SIM_20250901_145729",621,1
"SIM_20250901_145729",622,1
"SIM_20250901_145729",623,1
"SIM_20250901_145729",624,3
"SIM_20250901_145729",625,1
"SIM_20250901_145729",626,2
"SIM_20250901_145729",627,3
"SIM_20250901_145729",628,2
"SIM_20250901_145729",629,1
"SIM_20250901_145729",630,3
"SIM_20250901_145729",631,3
"SIM_20250901_145729",632,2
"SIM_20250901_145729",633,1
"SIM_20250901_145729",634,1
"SIM_20250901_145729",635,1
"SIM_20250901_145729",636,2
"SIM_20250901_145729",637,3
"SIM_20250901_145729",638,3
"SIM_20250901_145729",639,2
"SIM_20250901_145729",640,2
"SIM_20250901_145729",641,1
"SIM_20250901_145729",642,1
"SIM_20250901_145729",643,1
"SIM_20250901_145729",644,3
"SIM_20250901_145729",645,2
"SIM_20250901_145729",646,1
"SIM_20250901_145729",647,1
"SIM_20250901_145729",648,1
"SIM_20250901_145729",649,2
"SIM_20250901_145729",650,1
"SIM_20250901_145729",651,1
"SIM_20250901_145729",652,2
"SIM_20250901_145729",653,1
"SIM_20250901_145729",654,2
"SIM_20250901_145729",655,1
"SIM_20250901_145729",656,3
"SIM_20250901_145729",657,3
"SIM_20250901_145729",658,2
"SIM_20250901_145729",659,2
"SIM_20250901_145729",660,1
"SIM_20250901_145729",661,2
"SIM_20250901_145729",662,2
"SIM_20250901_145729",663,2
"SIM_20250901_145729",664,1
"SIM_20250901_145729",665,3
"SIM_20250901_145729",666,1
"SIM_20250901_145729",667,3
"SIM_20250901_145729",668,1
"SIM_20250901_145729",669,1
"SIM_20250901_145729",670,1
"SIM_20250901_145729",671,3
"SIM_20250901_145729",672,2
"SIM_20250901_145729",673,3
"SIM_20250901_145729",674,1
"SIM_20250901_145729",675,3
"SIM_20250901_145729",676,2
"SIM_20250901_145729",677,1
"SIM_20250901_145729",678,1
"SIM_20250901_145729",679,2
"SIM_20250901_145729",680,2
"SIM_20250901_145729",681,2
"SIM_20250901_145729",682,1
"SIM_20250901_145729",683,1
"SIM_20250901_145729",684,3
"SIM_20250901_145729",685,2
"SIM_20250901_145729",686,2
"SIM_20250901_145729",687,2
"SIM_20250901_145729",688,3
"SIM_20250901_145729",689,1
"SIM_20250901_145729",690,2
"SIM_20250901_145729",691,3
"SIM_20250901_145729",692,2
"SIM_20250901_145729",693,2
"SIM_20250901_145729",694,2
"SIM_20250901_145729",695,1
"SIM_20250901_145729",696,2
"SIM_20250901_145729",697,3
"SIM_20250901_145729",698,2
"SIM_20250901_145729",699,1
"SIM_20250901_145729",700,1
"SIM_20250901_145729",701,1
"SIM_20250901_145729",702,3
"SIM_20250901_145729",703,3
"SIM_20250901_145729",704,1
"SIM_20250901_145729",705,2
"SIM_20250901_145729",706,1
"SIM_20250901_145729",707,1
"SIM_20250901_145729",708,2
"SIM_20250901_145729",709,2
"SIM_20250901_145729",710,1
"SIM_20250901_145729",711,1
"SIM_20250901_145729",712,2
"SIM_20250901_145729",713,3
"SIM_20250901_145729",714,2
"SIM_20250901_145729",715,1
"SIM_20250901_145729",716,2
"SIM_20250901_145729",717,2
"SIM_20250901_145729",718,1
"SIM_20250901_145729",719,2
"SIM_20250901_145729",720,3
"SIM_20250901_145729",721,2
"SIM_20250901_145729",722,1
"SIM_20250901_145729",723,1
"SIM_20250901_145729",724,2
"SIM_20250901_145729",725,3
"SIM_20250901_145729",726,3
"SIM_20250901_145729",727,2
"SIM_20250901_145729",728,1
"SIM_20250901_145729",729,2
"SIM_20250901_145729",730,3
"SIM_20250901_145729",731,1
"SIM_20250901_145729",732,2
"SIM_20250901_145729",733,2
"SIM_20250901_145729",734,2
"SIM_20250901_145729",735,2
"SIM_20250901_145729",736,1
"SIM_20250901_145729",737,2
"SIM_20250901_145729",738,2
"SIM_20250901_145729",739,2
"SIM_20250901_145729",740,1
"SIM_20250901_145729",741,2
"SIM_20250901_145729",742,2
"SIM_20250901_145729",743,1
"SIM_20250901_145729",744,1
"SIM_20250901_145729",745,3
"SIM_20250901_145729",746,2
"SIM_20250901_145729",747,1
"SIM_20250901_145729",748,1
"SIM_20250901_145729",749,2
"SIM_20250901_145729",750,2
"SIM_20250901_145729",751,1
"SIM_20250901_145729",752,1
"SIM_20250901_145729",753,2
"SIM_20250901_145729",754,3
"SIM_20250901_145729",755,1
"SIM_20250901_145729",756,3
"SIM_20250901_145729",757,2
"SIM_20250901_145729",758,1
"SIM_20250901_145729",759,1
"SIM_20250901_145729",760,3
"SIM_20250901_145729",761,2
"SIM_20250901_145729",762,2
"SIM_20250901_145729",763,3
"SIM_20250901_145729",764,1
"SIM_20250901_145729",765,2
"SIM_20250901_145729",766,1
"SIM_20250901_145729",767,1
"SIM_20250901_145729",768,2
"SIM_20250901_145729",769,1
"SIM_20250901_145729",770,3
"SIM_20250901_145729",771,1
"SIM_20250901_145729",772,3
"SIM_20250901_145729",773,2
"SIM_20250901_145729",774,3
"SIM_20250901_145729",775,2
"SIM_20250901_145729",776,1
"SIM_20250901_145729",777,3
"SIM_20250901_145729",778,2
"SIM_20250901_145729",779,1
"SIM_20250901_145729",780,1
"SIM_20250901_145729",781,2
"SIM_20250901_145729",782,1
"SIM_20250901_145729",783,2
"SIM_20250901_145729",784,1
"SIM_20250901_145729",785,1
"SIM_20250901_145729",786,1
"SIM_20250901_145729",787,2
"SIM_20250901_145729",788,2
"SIM_20250901_145729",789,1
"SIM_20250901_145729",790,2
"SIM_20250901_145729",791,1
"SIM_20250901_145729",792,2
"SIM_20250901_145729",793,2
"SIM_20250901_145729",794,2
"SIM_20250901_145729",795,2
"SIM_20250901_145729",796,3
"SIM_20250901_145729",797,2
"SIM_20250901_145729",798,3
"SIM_20250901_145729",799,1
"SIM_20250901_145729",800,3
"SIM_20250901_145729",801,2
"SIM_20250901_145729",802,2
"SIM_20250901_145729",803,3
"SIM_20250901_145729",804,2
"SIM_20250901_145729",805,1
"SIM_20250901_145729",806,1
"SIM_20250901_145729",807,1
"SIM_20250901_145729",808,2
"SIM_20250901_145729",809,1
"SIM_20250901_145729",810,1
"SIM_20250901_145729",811,2
"SIM_20250901_145729",812,1
"SIM_20250901_145729",813,2
"SIM_20250901_145729",814,1
"SIM_20250901_145729",815,3
"SIM_20250901_145729",816,2
"SIM_20250901_145729",817,2
"SIM_20250901_145729",818,1
"SIM_20250901_145729",819,1
"SIM_20250901_145729",820,2
"SIM_20250901_145729",821,1
"SIM_20250901_145729",822,2
"SIM_20250901_145729",823,2
"SIM_20250901_145729",824,1
"SIM_20250901_145729",825,2
"SIM_20250901_145729",826,1
"SIM_20250901_145729",827,2
"SIM_20250901_145729",828,1
"SIM_20250901_145729",829,2
"SIM_20250901_145729",830,3
"SIM_20250901_145729",831,1
"SIM_20250901_145729",832,3
"SIM_20250901_145729",833,3
"SIM_20250901_145729",834,2
"SIM_20250901_145729",835,1
"SIM_20250901_145729",836,2
"SIM_20250901_145729",837,3
"SIM_20250901_145729",838,3
"SIM_20250901_145729",839,1
"SIM_20250901_145729",840,1
"SIM_20250901_145729",841,1
"SIM_20250901_145729",842,2
"SIM_20250901_145729",843,1
"SIM_20250901_145729",844,1
"SIM_20250901_145729",845,3
"SIM_20250901_145729",846,1
"SIM_20250901_145729",847,2
"SIM_20250901_145729",848,2
"SIM_20250901_145729",849,3
"SIM_20250901_145729",850,3
"SIM_20250901_145729",851,3
"SIM_20250901_145729",852,1
"SIM_20250901_145729",853,1
"SIM_20250901_145729",854,2
"SIM_20250901_145729",855,1
"SIM_20250901_145729",856,3
"SIM_20250901_145729",857,3
"SIM_20250901_145729",858,2
"SIM_20250901_145729",859,3
"SIM_20250901_145729",860,1
"SIM_20250901_145729",861,2
"SIM_20250901_145729",862,2
"SIM_20250901_145729",863,2
"SIM_20250901_145729",864,3
"SIM_20250901_145729",865,3
"SIM_20250901_145729",866,2
"SIM_20250901_145729",867,1
"SIM_20250901_145729",868,1
"SIM_20250901_145729",869,2
"SIM_20250901_145729",870,2
"SIM_20250901_145729",871,1
"SIM_20250901_145729",872,1
"SIM_20250901_145729",873,1
"SIM_20250901_145729",874,1
"SIM_20250901_145729",875,1
"SIM_20250901_145729",876,3
"SIM_20250901_145729",877,3
"SIM_20250901_145729",878,2
"SIM_20250901_145729",879,2
"SIM_20250901_145729",880,3
"SIM_20250901_145729",881,3
"SIM_20250901_145729",882,3
"SIM_20250901_145729",883,1
"SIM_20250901_145729",884,1
"SIM_20250901_145729",885,1
"SIM_20250901_145729",886,1
"SIM_20250901_145729",887,3
"SIM_20250901_145729",888,2
"SIM_20250901_145729",889,1
"SIM_20250901_145729",890,2
"SIM_20250901_145729",891,2
"SIM_20250901_145729",892,1
"SIM_20250901_145729",893,3
"SIM_20250901_145729",894,2
"SIM_20250901_145729",895,3
"SIM_20250901_145729",896,2
"SIM_20250901_145729",897,2
"SIM_20250901_145729",898,2
"SIM_20250901_145729",899,1
"SIM_20250901_145729",900,2
"SIM_20250901_145729",901,2
"SIM_20250901_145729",902,3
"SIM_20250901_145729",903,1
"SIM_20250901_145729",904,2
"SIM_20250901_145729",905,3
"SIM_20250901_145729",906,2
"SIM_20250901_145729",907,1
"SIM_20250901_145729",908,3
"SIM_20250901_145729",909,1
"SIM_20250901_145729",910,3
"SIM_20250901_145729",911,3
"SIM_20250901_145729",912,1
"SIM_20250901_145729",913,2
"SIM_20250901_145729",914,1
"SIM_20250901_145729",915,2
"SIM_20250901_145729",916,2
"SIM_20250901_145729",917,2
"SIM_20250901_145729",918,2
"SIM_20250901_145729",919,2
"SIM_20250901_145729",920,2
"SIM_20250901_145729",921,2
"SIM_20250901_145729",922,3
"SIM_20250901_145729",923,3
"SIM_20250901_145729",924,2
"SIM_20250901_145729",925,2
"SIM_20250901_145729",926,1
"SIM_20250901_145729",927,2
"SIM_20250901_145729",928,3
"SIM_20250901_145729",929,1
"SIM_20250901_145729",930,1
"SIM_20250901_145729",931,2
"SIM_20250901_145729",932,3
"SIM_20250901_145729",933,2
"SIM_20250901_145729",934,3
"SIM_20250901_145729",935,3
"SIM_20250901_145729",936,3
"SIM_20250901_145729",937,2
"SIM_20250901_145729",938,3
"SIM_20250901_145729",939,3
"SIM_20250901_145729",940,3
"SIM_20250901_145729",941,1
"SIM_20250901_145729",942,2
"SIM_20250901_145729",943,3
"SIM_20250901_145729",944,2
"SIM_20250901_145729",945,2
"SIM_20250901_145729",946,1
"SIM_20250901_145729",947,2
"SIM_20250901_145729",948,2
"SIM_20250901_145729",949,3
"SIM_20250901_145729",950,2
"SIM_20250901_145729",951,3
"SIM_20250901_145729",952,2
"SIM_20250901_145729",953,2
"SIM_20250901_145729",954,3
"SIM_20250901_145729",955,2
"SIM_20250901_145729",956,2
"SIM_20250901_145729",957,1
"SIM_20250901_145729",958,2
"SIM_20250901_145729",959,3
"SIM_20250901_145729",960,2
"SIM_20250901_145729",961,2
"SIM_20250901_145729",962,2
"SIM_20250901_145729",963,1
"SIM_20250901_145729",964,1
"SIM_20250901_145729",965,2
"SIM_20250901_145729",966,2
"SIM_20250901_145729",967,3
"SIM_20250901_145729",968,2
"SIM_20250901_145729",969,2
"SIM_20250901_145729",970,2
"SIM_20250901_145729",971,3
"SIM_20250901_145729",972,3
"SIM_20250901_145729",973,3
"SIM_20250901_145729",974,2
"SIM_20250901_145729",975,2
"SIM_20250901_145729",976,2
"SIM_20250901_145729",977,1
"SIM_20250901_145729",978,3
"SIM_20250901_145729",979,1
"SIM_20250901_145729",980,1
"SIM_20250901_145729",981,1
"SIM_20250901_145729",982,3
"SIM_20250901_145729",983,1
"SIM_20250901_145729",984,3
"SIM_20250901_145729",985,1
"SIM_20250901_145729",986,2
"SIM_20250901_145729",987,2
"SIM_20250901_145729",988,1
"SIM_20250901_145729",989,2
"SIM_20250901_145729",990,2
"SIM_20250901_145729",991,2
"SIM_20250901_145729",992,2
"SIM_20250901_145729",993,1
"SIM_20250901_145729",994,2
"SIM_20250901_145729",995,2
"SIM_20250901_145729",996,3
"SIM_20250901_145729",997,1
"SIM_20250901_145729",998,2
"SIM_20250901_145729",999,2
"SIM_20250901_145729",1000,2
